text,url
,https://www.lazada.co.th/tag/steam-game/
‡πÇ‡∏•‡πÇ‡∏Å‡πâ ‡∏•‡∏≤‡∏ã‡∏≤‡∏î‡πâ‡∏≤ ‡∏ä‡πâ‡∏≠‡∏õ‡∏≠‡∏≠‡∏ô‡πÑ‡∏•‡∏ô‡πå,https://www.lazada.co.th/tag/steam-game/
‡∏û‡∏¥‡πÄ‡∏®‡∏©‡∏™‡∏≥‡∏´‡∏£‡∏±‡∏ö‡∏•‡∏π‡∏Å‡∏Ñ‡πâ‡∏≤‡πÉ‡∏´‡∏°‡πà,https://www.lazada.co.th/tag/steam-game/
Mist Survival ‡πÄ‡∏Å‡∏° pc [‡πÄ‡∏Å‡∏°‡∏Ñ‡∏≠‡∏°‡∏û‡∏¥‡∏ß‡πÄ‡∏ï‡∏≠‡∏£‡πå] ‡∏ï‡∏¥‡∏î‡∏ï‡∏±‡πâ‡∏á‡∏á‡πà‡∏≤‡∏¢,https://www.lazada.co.th/tag/steam-game/
‚ñ∂Ô∏è[Gift Card] [Steam] PC Games : Sid Meier's Civilization III Complete [ Best Price!! ],https://www.lazada.co.th/tag/steam-game/
‚ñ∂Ô∏è[Gift Card] [Steam] PC Games : Sid Meier's Civilization III Complete [ New Special Price!! ],https://www.lazada.co.th/tag/steam-game/
‚ñ∂Ô∏è[Gift Card] [Steam] PC Games : Sid Meier's Civilization III Complete [ New Special Price!! ],https://www.lazada.co.th/tag/steam-game/
‚ñ∂Ô∏è[Gift Card] [Steam] PC Games : Sid Meier's Civilization III Complete [ ‡∏à‡∏±‡∏î‡∏™‡πà‡∏á‡∏ó‡∏±‡πà‡∏ß‡∏õ‡∏£‡∏∞‡πÄ‡∏ó‡∏® ],https://www.lazada.co.th/tag/steam-game/
‚ñ∂Ô∏è[Gift Card] [Steam] PC Games : Sid Meier's Civilization III Complete [ Best Price!! ],https://www.lazada.co.th/tag/steam-game/
‚ñ∂Ô∏è[Gift Card] [Steam] PC Games : Sid Meier's Civilization III Complete [ New Special Price!! ],https://www.lazada.co.th/tag/steam-game/
PC Ready or Not | ‡πÄ‡∏Å‡∏°‡∏™‡πå‡∏¢‡∏¥‡∏á‡∏™‡πÑ‡∏ï‡∏•‡πå‡∏î‡∏∏‡∏î‡∏±‡∏ô‡∏™‡∏°‡∏à‡∏£‡∏¥‡∏á (‡∏ï‡πâ‡∏≠‡∏á‡πÄ‡∏Ç‡πâ‡∏≤Steam ‡∏Å‡πà‡∏≠‡∏ô‡πÄ‡∏Ç‡πâ‡∏≤‡πÄ‡∏Å‡∏°),https://www.lazada.co.th/tag/steam-game/
‡πÇ‡∏õ‡∏£‡πÇ‡∏°‡∏ä‡∏±‡πà‡∏ô ‡∏Ç‡∏≤‡∏¢‡∏ä‡∏∏‡∏î‡∏Ñ‡∏≠‡∏° Core I3 Pubg Steam GTA V ‡πÅ‡∏£‡∏á‡πÜ‡∏™‡∏ß‡∏¢‡πÜ‡∏Ñ‡∏±‡∏ö ‡∏•‡∏á‡πÄ‡∏Å‡∏°‡πÑ‡∏ß‡πâ‡πÄ‡∏ï‡πá‡∏°‡πÄ‡∏Ñ‡∏£‡∏∑‡πà‡∏≠‡∏á‡∏Ñ‡∏±‡∏ö ‡∏•‡∏î‡∏Å‡∏£‡∏∞‡∏´‡∏ô‡πà‡∏≥ ‡πÄ‡∏Å‡∏°‡∏™‡πå ‡∏Ñ‡∏≠‡∏°‡∏û‡∏¥‡∏ß‡πÄ‡∏ï‡∏≠‡∏£‡πå ‡πÄ‡∏Å‡∏° ‡∏Ñ‡∏≠‡∏°‡∏û‡∏¥‡∏ß‡πÄ‡∏ï‡∏≠‡∏£‡πå pc ‡πÇ‡∏´‡∏•‡∏î ‡πÄ‡∏Å‡∏° ‡∏Ñ‡∏≠‡∏°‡∏û‡∏¥‡∏ß‡πÄ‡∏ï‡∏≠‡∏£‡πå,https://www.lazada.co.th/tag/steam-game/
God of War (PC) STEAM ‡∏•‡∏¥‡∏Ç‡∏™‡∏¥‡∏ó‡∏ò‡∏¥‡πå‡πÅ‡∏ó‡πâ ‡∏£‡∏≤‡∏Ñ‡∏≤‡∏ñ‡∏π‡∏Å,https://www.lazada.co.th/tag/steam-game/
‡πÄ‡∏Å‡∏°‡∏™‡πå (PC) Mist Survival - Hiwnon_Henshin,https://www.lazada.co.th/tag/steam-game/
Cyberpunk 2077 ‡πÄ‡∏Å‡∏° PC Steam Offline,https://www.lazada.co.th/tag/steam-game/
‡∏Ç‡∏≤‡∏¢‡∏Ñ‡∏µ‡∏¢‡πå‡πÄ‡∏Å‡∏°‡πÅ‡∏ó‡πâ Rising Storm 2: Vietnam | Steam Key (PC),https://www.lazada.co.th/tag/steam-game/
‡∏Ç‡∏≤‡∏¢‡∏Ñ‡∏µ‡∏¢‡πå‡πÄ‡∏Å‡∏°‡πÅ‡∏ó‡πâ Dying Light | Steam Key (PC),https://www.lazada.co.th/tag/steam-game/
‚ñ∂Ô∏èUnpacking Steam Offline [ ‡∏Ç‡∏≠‡∏á‡∏°‡∏µ‡∏à‡∏≥‡∏ô‡∏ß‡∏ô‡∏à‡∏≥‡∏Å‡∏±‡∏î ],https://www.lazada.co.th/tag/steam-game/
‚ñ∂Ô∏èUnpacking Steam Offline [ ‡∏Ç‡∏≠‡∏á‡∏°‡∏µ‡∏à‡∏≥‡∏ô‡∏ß‡∏ô‡∏à‡∏≥‡∏Å‡∏±‡∏î ],https://www.lazada.co.th/tag/steam-game/
‚ñ∂Ô∏èüéÆMetal Gear Solid VüéÆ [‡πÄ‡∏Å‡∏° PC] Steam Offline [ ‡∏•‡∏î‡∏£‡∏≤‡∏Ñ‡∏≤‡∏û‡∏¥‡πÄ‡∏®‡∏©30% ],https://www.lazada.co.th/tag/steam-game/
‚ñ∂Ô∏èüéÆDoom EternalüéÆ [‡πÄ‡∏Å‡∏° PC] Steam Offline [ ‡∏ú‡∏•‡∏¥‡∏ï‡∏à‡∏≤‡∏Å‡∏ß‡∏±‡∏™‡∏î‡∏∏‡∏Ñ‡∏∏‡∏ì‡∏†‡∏≤‡∏û‡∏î‡∏µ ‡∏Ç‡∏≠‡∏á‡πÄ‡∏•‡πà‡∏ô‡πÄ‡∏™‡∏£‡∏¥‡∏°‡∏ó‡∏±‡∏Å‡∏©‡∏∞ ],https://www.lazada.co.th/tag/steam-game/
‚ñ∂Ô∏èBeamNG.drive - Steam OFFLINE [ ‡∏Ç‡∏≠‡∏á‡πÄ‡∏•‡πà‡∏ô‡∏°‡∏≤‡πÉ‡∏´‡∏°‡πà ],https://www.lazada.co.th/tag/steam-game/
‚ñ∂Ô∏èStarbound STEAM OFFLINE [ New Special Price!! ],https://www.lazada.co.th/tag/steam-game/
‚ñ∂Ô∏èüéÆ Crysis Remastered üéÆ [‡πÄ‡∏Å‡∏° PC] Steam Offline [ ‡∏£‡∏≤‡∏Ñ‡∏≤‡πÄ‡∏ã‡∏•‡∏•‡πå ],https://www.lazada.co.th/tag/steam-game/
‚ñ∂Ô∏èüéÆDoom EternalüéÆ [‡πÄ‡∏Å‡∏° PC] Steam Offline [ ‡∏ú‡∏•‡∏¥‡∏ï‡∏à‡∏≤‡∏Å‡∏ß‡∏±‡∏™‡∏î‡∏∏‡∏Ñ‡∏∏‡∏ì‡∏†‡∏≤‡∏û‡∏î‡∏µ ‡∏Ç‡∏≠‡∏á‡πÄ‡∏•‡πà‡∏ô‡πÄ‡∏™‡∏£‡∏¥‡∏°‡∏ó‡∏±‡∏Å‡∏©‡∏∞ ],https://www.lazada.co.th/tag/steam-game/
‚ñ∂Ô∏èüéÆRed Dead Redemption 2üéÆ [‡πÄ‡∏Å‡∏° PC] Steam Offline [ Best Price!! ],https://www.lazada.co.th/tag/steam-game/
‚ñ∂Ô∏èüéÆMetal Gear Solid VüéÆ [‡πÄ‡∏Å‡∏° PC] Steam Offline [ New Special Price!! ],https://www.lazada.co.th/tag/steam-game/
‚ñ∂Ô∏èBeamNG.drive - Steam OFFLINE [ ‡∏•‡∏î‡∏•‡πâ‡∏≤‡∏á‡∏™‡∏ï‡πä‡∏≠‡∏Å ],https://www.lazada.co.th/tag/steam-game/
‚ñ∂Ô∏èüéÆDoom EternalüéÆ [‡πÄ‡∏Å‡∏° PC] Steam Offline [ ‡∏™‡πà‡∏á‡∏à‡∏≤‡∏Å‡πÑ‡∏ó‡∏¢ ],https://www.lazada.co.th/tag/steam-game/
‚ñ∂Ô∏èüéÆRed Dead Redemption 2üéÆ [‡πÄ‡∏Å‡∏° PC] Steam Offline [ New Special Price!! ],https://www.lazada.co.th/tag/steam-game/
‚ñ∂Ô∏èüéÆ Crysis Remastered üéÆ [‡πÄ‡∏Å‡∏° PC] Steam Offline [ Best Price!! ],https://www.lazada.co.th/tag/steam-game/
‚ñ∂Ô∏èüéÆMetal Gear Solid VüéÆ [‡πÄ‡∏Å‡∏° PC] Steam Offline [ Sale 10%! ],https://www.lazada.co.th/tag/steam-game/
‚ñ∂Ô∏èBeamNG.drive - Steam OFFLINE [ ‡∏Ç‡∏≠‡∏á‡∏°‡∏µ‡∏à‡∏≥‡∏ô‡∏ß‡∏ô‡∏à‡∏≥‡∏Å‡∏±‡∏î ],https://www.lazada.co.th/tag/steam-game/
‚ñ∂Ô∏èüéÆ Crysis Remastered üéÆ [‡πÄ‡∏Å‡∏° PC] Steam Offline [ ‡∏£‡∏±‡∏ö‡∏™‡πà‡∏ß‡∏ô‡∏•‡∏î ‡∏û‡∏¥‡πÄ‡∏®‡∏© ],https://www.lazada.co.th/tag/steam-game/
‚ñ∂Ô∏èStarbound STEAM OFFLINE [ Hot Sale!! ],https://www.lazada.co.th/tag/steam-game/
‚ñ∂Ô∏èBeamNG.drive - Steam OFFLINE [ ‡∏•‡∏î‡∏£‡∏≤‡∏Ñ‡∏≤‡∏Å‡∏£‡∏∞‡∏´‡∏ô‡πà‡∏≥ ],https://www.lazada.co.th/tag/steam-game/
‚ñ∂Ô∏èüéÆMetal Gear Solid VüéÆ [‡πÄ‡∏Å‡∏° PC] Steam Offline [ ‡πÇ‡∏õ‡∏£‡πÇ‡∏°‡∏ä‡∏±‡πà‡∏ô‡∏™‡∏∏‡∏î‡∏Ñ‡∏∏‡πâ‡∏° ],https://www.lazada.co.th/tag/steam-game/
‚ñ∂Ô∏èUnpacking Steam Offline [ FLASH SALES ],https://www.lazada.co.th/tag/steam-game/
‚ñ∂Ô∏èUnpacking Steam Offline [ ‡πÇ‡∏õ‡∏£‡πÇ‡∏°‡∏ä‡∏±‡πà‡∏ô‡∏û‡∏¥‡πÄ‡∏®‡∏©!! ‡∏£‡∏µ‡∏ö‡∏ã‡∏∑‡πâ‡∏≠‡∏Å‡πà‡∏≠‡∏ô‡∏Ç‡∏≠‡∏á‡∏´‡∏°‡∏î!! ],https://www.lazada.co.th/tag/steam-game/
‚ñ∂Ô∏èüéÆHadesüéÆ [‡πÄ‡∏Å‡∏° PC] Steam Offline [ ‡∏•‡∏î‡∏£‡∏≤‡∏Ñ‡∏≤ ],https://www.lazada.co.th/tag/steam-game/
‚ñ∂Ô∏èüéÆDoom EternalüéÆ [‡πÄ‡∏Å‡∏° PC] Steam Offline [ Hot Sale!! ],https://www.lazada.co.th/tag/steam-game/
"GTA V STEAM ‡πÄ‡∏•‡πà‡∏ô‡∏≠‡∏≠‡∏ô‡πÑ‡∏•‡∏ô‡πå FiveM (+‡∏™‡πà‡∏ß‡∏ô‡πÄ‡∏™‡∏£‡∏¥‡∏° Criminal & ‡πÄ‡∏á‡∏¥‡∏ô 1,000,000$)",https://www.lazada.co.th/tag/steam-game/
SCUM ‡πÄ‡∏Å‡∏°‡πÄ‡∏≠‡∏≤‡∏ä‡∏µ‡∏ß‡∏¥‡∏ï‡∏£‡∏≠‡∏î STEAM ‡πÄ‡∏•‡πà‡∏ô‡∏≠‡∏≠‡∏ô‡πÑ‡∏•‡∏ô‡πå‡πÑ‡∏î‡πâ,https://www.lazada.co.th/tag/steam-game/
Lazada Logistics,https://www.lazada.co.th/tag/steam-game/
FLASH,https://www.lazada.co.th/tag/steam-game/
Kerry,https://www.lazada.co.th/tag/steam-game/
ninjiavan,https://www.lazada.co.th/tag/steam-game/
Best,https://www.lazada.co.th/tag/steam-game/
TH Post,https://www.lazada.co.th/tag/steam-game/
TP,https://www.lazada.co.th/tag/steam-game/
GIZTIX,https://www.lazada.co.th/tag/steam-game/
NIM Express,https://www.lazada.co.th/tag/steam-game/
ISO,https://www.lazada.co.th/tag/steam-game/
PCI DSS,https://www.lazada.co.th/tag/steam-game/
,https://www.lazada.co.th/tag/steam-game/?page=2
‡πÇ‡∏•‡πÇ‡∏Å‡πâ ‡∏•‡∏≤‡∏ã‡∏≤‡∏î‡πâ‡∏≤ ‡∏ä‡πâ‡∏≠‡∏õ‡∏≠‡∏≠‡∏ô‡πÑ‡∏•‡∏ô‡πå,https://www.lazada.co.th/tag/steam-game/?page=2
‡∏û‡∏¥‡πÄ‡∏®‡∏©‡∏™‡∏≥‡∏´‡∏£‡∏±‡∏ö‡∏•‡∏π‡∏Å‡∏Ñ‡πâ‡∏≤‡πÉ‡∏´‡∏°‡πà,https://www.lazada.co.th/tag/steam-game/?page=2
The Sims 4 ‡∏£‡∏ß‡∏°‡∏ó‡∏∏‡∏Å‡∏†‡∏≤‡∏Ñ 56 in 1 ‡∏†‡∏≤‡∏©‡∏≤‡πÑ‡∏ó‡∏¢ [‡∏î‡∏≤‡∏ß‡∏ô‡πå‡πÇ‡∏´‡∏•‡∏î] [PC/MAC],https://www.lazada.co.th/tag/steam-game/?page=2
‡πÄ‡∏Å‡∏°‡πÅ‡∏Ç‡πà‡∏á‡∏£‡∏ñ‡πÉ‡∏ô‡∏ï‡∏≥‡∏ô‡∏≤‡∏ô Need for Speed: Underground 2 [‡∏î‡∏≤‡∏ß‡∏ô‡πå‡πÇ‡∏´‡∏•‡∏î] [PC],https://www.lazada.co.th/tag/steam-game/?page=2
[PC Game] ‡πÄ‡∏Å‡∏° PC ‡πÄ‡∏Å‡∏°‡∏Ñ‡∏≠‡∏° Game FINAL FANTASY VII ‡πÄ‡∏Å‡∏°‡∏Ñ‡∏≠‡∏° ‡πÄ‡∏Å‡∏° PC,https://www.lazada.co.th/tag/steam-game/?page=2
„Äê Game Pc „Äë‡πÄ‡∏Å‡∏°‡∏Ñ‡∏≠‡∏° ‡πÅ‡∏ö‡∏ö USB ‡πÅ‡∏ü‡∏•‡∏ä‡πÑ‡∏î‡∏£‡πå‡∏ü„Äê ‡πÄ‡∏Å‡∏° PC - Resident Evil 3 Remake „Äë„Äê‡πÄ‡∏û‡∏¥‡πà‡∏° 2 DLC ‡πÉ‡∏´‡∏°‡πà„Äë„Äê‡∏†‡∏≤‡∏©‡∏≤‡πÑ‡∏ó‡∏¢„Äë‡∏™‡∏≥‡∏´‡∏£‡∏±‡∏ö PC Windows ‡πÅ‡∏ö‡∏ö‡∏î‡∏≤‡∏ß‡∏ô‡πå‡πÇ‡∏´‡∏•‡∏î ‡∏•‡∏¥‡∏á‡∏Å‡πå‡πÄ‡∏î‡∏µ‡∏¢‡∏ß„Äê ‡πÄ‡∏Å‡∏°‡∏Ñ‡∏≠‡∏°‡∏û‡∏¥‡∏ß‡πÄ‡∏ï‡∏≠‡∏£‡πå „Äë,https://www.lazada.co.th/tag/steam-game/?page=2
[PC Game] ‡πÄ‡∏Å‡∏° PC ‡πÄ‡∏Å‡∏°‡∏Ñ‡∏≠‡∏° Game Call of Duty 4 Modern Warfare ‡πÄ‡∏Å‡∏°‡∏Ñ‡∏≠‡∏°‡∏û‡∏¥‡∏ß‡πÄ‡∏ï‡∏≠‡∏£‡πå,https://www.lazada.co.th/tag/steam-game/?page=2
(‡πÅ‡∏ö‡∏ö ‡∏î‡∏≤‡∏ß‡πÇ‡∏´‡∏•‡∏î) Adobe Master Collection CC 2022,https://www.lazada.co.th/tag/steam-game/?page=2
"UNCHARTED Legacy of Thieves Collection ‡πÄ‡∏Å‡∏°‡∏Ñ‡∏≠‡∏°‡∏û‡∏¥‡∏ß‡πÄ‡∏ï‡∏≠‡∏£‡πå ‡πÅ‡∏ö‡∏ö DVD, USB Flash drive ‡πÅ‡∏•‡∏∞‡πÅ‡∏ö‡∏ö ‡πÇ‡∏´‡∏•‡∏î‡πÑ‡∏ü‡∏•‡πå (Game PC ‡∏ï‡∏¥‡∏î‡∏ï‡∏±‡πâ‡∏á‡∏á‡πà‡∏≤‡∏¢)",https://www.lazada.co.th/tag/steam-game/?page=2
[PC GAME] ‡πÅ‡∏ú‡πà‡∏ô‡πÄ‡∏Å‡∏°‡∏™‡πå ONE PIECE: PIRATE WARRIORS 4 - Deluxe Edition PC [‡∏†‡∏≤‡∏©‡∏≤‡πÑ‡∏ó‡∏¢],https://www.lazada.co.th/tag/steam-game/?page=2
[PC Game] ‡πÄ‡∏Å‡∏° PC ‡πÄ‡∏Å‡∏°‡∏Ñ‡∏≠‡∏° Game Command & Conquer Red Alert 2 + Yuri's Revenge + Mental Omega [‡πÑ‡∏î‡πâ‡∏ó‡∏±‡πâ‡∏á Red Alert 2 ‡πÅ‡∏•‡∏∞ Yuri's Revenge ‡πÅ‡∏•‡∏∞ Mental Omega ‡∏ó‡∏µ‡πà‡∏™‡∏≤‡∏°‡∏≤‡∏£‡∏ñ‡πÄ‡∏•‡πà‡∏ô‡∏≠‡∏≠‡∏ô‡πÑ‡∏•‡∏ô‡πå‡πÑ‡∏î‡πâ],https://www.lazada.co.th/tag/steam-game/?page=2
PC ‡πÅ‡∏ü‡∏•‡∏ä‡πÑ‡∏î‡∏£‡πå‡∏ü  THE SIM 2  20 in 1 (‡∏†‡∏≤‡∏©‡∏≤‡πÑ‡∏ó‡∏¢) ‡πÄ‡∏Å‡∏°‡∏™‡πå‡πÉ‡∏ô‡∏ï‡∏≥‡∏ô‡∏≤‡∏ô,https://www.lazada.co.th/tag/steam-game/?page=2
[PC GAME] ‡πÅ‡∏ú‡πà‡∏ô‡πÄ‡∏Å‡∏°‡∏™‡πå Euro Truck Simulator 2 PC (v1.41.1.61s + 34 DLCs),https://www.lazada.co.th/tag/steam-game/?page=2
[PC GAME] ‡πÅ‡∏ú‡πà‡∏ô‡πÄ‡∏Å‡∏°‡∏™‡πå PES 2017 / Pro Evolution Soccer 2017 PC,https://www.lazada.co.th/tag/steam-game/?page=2
Red Alert 2 and Yuri's Revenge ‡∏£‡∏ß‡∏°‡πÄ‡∏Å‡∏°‡∏™‡πå‡πÄ‡∏Å‡πà‡∏≤‡πÜ ‡πÅ‡∏ô‡∏∞‡∏ô‡∏≥‡∏ß‡∏¥‡∏ô‡πÇ‡∏î‡πâ 7/8/10‚Äã ‡πÅ‡∏ú‡πà‡∏ô‡πÄ‡∏Å‡∏°‡∏™‡πå ‡πÄ‡∏Å‡∏°‡∏™‡πå‡∏Ñ‡∏≠‡∏°‡∏û‡∏¥‡∏ß‡πÄ‡∏ï‡∏≠‡∏£‡πå  PC ‡πÇ‡∏ô‡πä‡∏ï‡∏ö‡∏∏‡πä‡∏Ñ,https://www.lazada.co.th/tag/steam-game/?page=2
‡πÄ‡∏Å‡∏°‡∏Ñ‡∏≠‡∏°‡∏û‡∏¥‡∏ß‡πÄ‡∏ï‡∏≠‡∏£‡πå ‡πÄ‡∏Å‡∏°‡∏Ñ‡∏≠‡∏° ‡πÄ‡∏Å‡∏°‡∏Ñ‡∏≠‡∏°‡∏ô‡πà‡∏≤‡πÄ‡∏•‡πà‡∏ô PC Games USB Flashdrive DVD ‡πÄ‡∏Å‡∏° ‡∏°‡∏¥‡∏•‡∏ü‡∏µ‡πà ‡∏ã‡∏¥‡∏ï‡∏µ‡πâ ***‡πÄ‡∏•‡πà‡∏ô‡πÑ‡∏î‡πâ‡πÄ‡∏•‡∏¢‡πÑ‡∏°‡πà‡∏ï‡πâ‡∏≠‡∏á‡∏ï‡∏¥‡∏î‡∏ï‡∏±‡πâ‡∏á***,https://www.lazada.co.th/tag/steam-game/?page=2
romance xi of the three kingdoms ‡πÅ‡∏ú‡πà‡∏ô‡πÄ‡∏Å‡∏°‡∏™‡πå  ‡πÄ‡∏Å‡∏°‡∏™‡πå‡∏Ñ‡∏≠‡∏°‡∏û‡∏¥‡∏ß‡πÄ‡∏ï‡∏≠‡∏£‡πå  PC ‡πÇ‡∏ô‡πä‡∏ï‡∏ö‡∏∏‡πä‡∏Ñ,https://www.lazada.co.th/tag/steam-game/?page=2
[PC GAME] ‡πÅ‡∏ú‡πà‡∏ô‡πÄ‡∏Å‡∏°‡∏™‡πå Sekiro: Shadows Die Twice - Game of the Year Edition  PC,https://www.lazada.co.th/tag/steam-game/?page=2
‡πÄ‡∏Å‡∏° PC PES 2013 Pro Evolution Soccer 2013 Game PC ‡∏°‡∏≤‡πÉ‡∏´‡∏°‡πà ‡∏≠‡∏±‡∏û‡πÄ‡∏î‡∏ó Data pack 6.0 Ver 1.04 ‡πÄ‡∏™‡∏µ‡∏¢‡∏á‡πÅ‡∏•‡∏∞‡πÄ‡∏°‡∏ô‡∏π ‡∏†‡∏≤‡∏©‡∏≤‡πÑ‡∏ó‡∏¢ [‡πÄ‡∏Å‡∏°‡∏Ñ‡∏≠‡∏°‡∏û‡∏¥‡∏ß‡πÄ‡∏ï‡∏≠‡∏£‡πå],https://www.lazada.co.th/tag/steam-game/?page=2
Way of the Hunte Game PC (‡πÄ‡∏Å‡∏° pc) [‡πÄ‡∏Å‡∏°‡∏Ñ‡∏≠‡∏°‡∏û‡∏¥‡∏ß‡πÄ‡∏ï‡∏≠‡∏£‡πå] ‡∏ï‡∏¥‡∏î‡∏ï‡∏±‡πâ‡∏á‡∏á‡πà‡∏≤‡∏¢,https://www.lazada.co.th/tag/steam-game/?page=2
The Sims 4 ‡∏Ñ‡∏£‡∏ö‡∏ó‡∏∏‡∏Å‡∏†‡∏≤‡∏Ñ ‡∏ñ‡∏∂‡∏á High School ‡∏†‡∏≤‡∏Ñ‡∏´‡∏•‡∏±‡∏Å+‡∏†‡∏≤‡∏Ñ‡πÄ‡∏™‡∏£‡∏¥‡∏°‡∏Ñ‡∏£‡∏ö‡∏ó‡∏∏‡∏Å‡∏†‡∏≤‡∏Ñ ‡∏†‡∏≤‡∏©‡∏≤‡πÑ‡∏ó‡∏¢ | ‡∏ï‡∏¥‡∏î‡∏ï‡∏±‡πâ‡∏á‡∏á‡πà‡∏≤‡∏¢ PC Game Download,https://www.lazada.co.th/tag/steam-game/?page=2
[PC Game] ‡πÄ‡∏Å‡∏° PC ‡πÄ‡∏Å‡∏°‡∏Ñ‡∏≠‡∏° Game red Dead Redemption 2 - ‡πÄ‡∏Å‡∏°‡∏Ñ‡∏≠‡∏°‡∏û‡∏¥‡∏ß‡πÄ‡∏ï‡∏≠‡∏£‡πå,https://www.lazada.co.th/tag/steam-game/?page=2
The Sims 4 ‡∏†‡∏≤‡∏Ñ‡πÉ‡∏´‡∏°‡πà‡∏•‡πà‡∏≤‡∏™‡∏∏‡∏î ‡∏Ñ‡∏£‡∏ö‡∏ó‡∏∏‡∏Å‡∏†‡∏≤‡∏Ñ ‡πÄ‡∏•‡πà‡∏ô‡πÑ‡∏î‡πâ‡πÄ‡∏•‡∏¢‡πÑ‡∏°‡πà‡∏ï‡πâ‡∏≠‡∏á‡∏ï‡∏¥‡∏î‡∏ï‡∏±‡πâ‡∏á ‡∏†‡∏≤‡∏©‡∏≤‡πÑ‡∏ó‡∏¢ ‡∏£‡∏∏‡πà‡∏ô ‡∏ï‡∏¥‡∏î‡∏ï‡∏±‡πâ‡∏á‡∏ú‡πà‡∏≤‡∏ô ‡πÅ‡∏ü‡∏£‡∏ä‡πÑ‡∏î‡∏£‡πå‡∏ü USB Flashdrive ‡πÅ‡∏ú‡πà‡∏ô‡πÄ‡∏Å‡∏° ‡∏Ñ‡∏≠‡∏°‡∏û‡∏¥‡∏ß‡πÄ‡∏ï‡∏≠‡∏£‡πå PC Game,https://www.lazada.co.th/tag/steam-game/?page=2
[PC Game] ‡πÄ‡∏Å‡∏° PC ‡πÄ‡∏Å‡∏°‡∏Ñ‡∏≠‡∏° Game Dragon Ball FighterZ [‡πÄ‡∏û‡∏¥‡πà‡∏° 19 DLC ‡πÉ‡∏ô‡πÅ‡∏ú‡πà‡∏ô],https://www.lazada.co.th/tag/steam-game/?page=2
[PC Game] ‡πÄ‡∏Å‡∏° PC ‡πÄ‡∏Å‡∏°‡∏Ñ‡∏≠‡∏° Game Game  Street Fighter V- ‡πÄ‡∏Å‡∏°‡∏Ñ‡∏≠‡∏°‡∏û‡∏¥‡∏ß‡πÄ‡∏ï‡∏≠‡∏£‡πå,https://www.lazada.co.th/tag/steam-game/?page=2
[PC GAME] ‡πÅ‡∏ú‡πà‡∏ô‡πÄ‡∏Å‡∏°‡∏™‡πå Call of Duty: Modern Warfare 2 - Campaign Remastered PC,https://www.lazada.co.th/tag/steam-game/?page=2
PC ‡πÅ‡∏ü‡∏•‡∏ä‡πÑ‡∏î‡∏£‡πå‡∏ü 8GB GAME Diablo II (v1.14d & ALL DLC),https://www.lazada.co.th/tag/steam-game/?page=2
„Äê Game Pc „Äë‡πÄ‡∏Å‡∏°‡∏Ñ‡∏≠‡∏° ‡πÅ‡∏ö‡∏ö USB ‡πÅ‡∏ü‡∏•‡∏ä‡πÑ‡∏î‡∏£‡πå‡∏ü ‡∏™‡∏≥‡∏´‡∏£‡∏±‡∏ö Windows„Äê ‡πÄ‡∏Å‡∏° PC -  Forza Horizon 5 Premium Edition + 42 DLCs + Cars Unlocker„Äë‡πÅ‡∏ö‡∏ö‡∏î‡∏≤‡∏ß‡∏ô‡πå‡πÇ‡∏´‡∏•‡∏î ‡∏•‡∏¥‡∏á‡∏Å‡πå‡πÄ‡∏î‡∏µ‡∏¢‡∏ß„Äê ‡πÄ‡∏Å‡∏°‡∏Ñ‡∏≠‡∏°‡∏û‡∏¥‡∏ß‡πÄ‡∏ï‡∏≠‡∏£‡πå „Äë,https://www.lazada.co.th/tag/steam-game/?page=2
[‡πÄ‡∏Å‡∏°‡∏™‡πå PC] ‡πÉ‡∏´‡∏°‡πà‡∏•‡πà‡∏≤‡∏™‡∏∏‡∏î! The Sims 4: 81 in 1 ‡∏≠‡∏≠‡∏ô‡πÑ‡∏•‡∏ô‡πå‡πÑ‡∏î‡πâ ‡∏≠‡∏±‡∏û‡πÄ‡∏î‡∏ó‡∏ñ‡∏∂‡∏á Everyday Clutter Kit ‡∏†‡∏≤‡∏©‡∏≤‡πÑ‡∏ó‡∏¢‡πÉ‡∏´‡∏°‡πà‡∏•‡πà‡∏≤‡∏™‡∏∏‡∏î‡πÄ‡∏î‡∏∑‡∏≠‡∏ô ‡∏û.‡∏¢. 65,https://www.lazada.co.th/tag/steam-game/?page=2
[PC GAME] ‡πÅ‡∏ú‡πà‡∏ô‡πÄ‡∏Å‡∏°‡∏™‡πå Call of Duty: Modern Warfare 3 [‡∏≠‡∏≠‡∏ô‡πÑ‡∏•‡∏ô‡πå‡πÑ‡∏î‡πâ] PC,https://www.lazada.co.th/tag/steam-game/?page=2
Rise Race The Future ‡πÄ‡∏Å‡∏° ‡∏Ñ‡∏≠‡∏°‡∏û‡∏¥‡∏ß‡πÄ‡∏ï‡∏≠‡∏£‡πå ‡πÇ‡∏ô‡πä‡∏ï‡∏ö‡∏∏‡πä‡∏Ñ ‡πÄ‡∏Å‡∏°‡∏™‡πå PC ‡πÅ‡∏ö‡∏ö ‡πÅ‡∏ü‡∏•‡∏ä‡πÑ‡∏î‡∏£‡πå‡∏ü GAME‚Äã ‡∏™‡∏≥‡∏´‡∏£‡∏±‡∏ö Windows ‡∏ï‡∏¥‡∏î‡∏ï‡∏±‡πâ‡∏á‡∏á‡πà‡∏≤‡∏¢,https://www.lazada.co.th/tag/steam-game/?page=2
„Äê Game Pc „Äë‡πÄ‡∏Å‡∏°‡∏Ñ‡∏≠‡∏° ‡πÅ‡∏ö‡∏ö USB ‡πÅ‡∏ü‡∏•‡∏ä‡πÑ‡∏î‡∏£‡πå‡∏ü ‡∏™‡∏≥‡∏´‡∏£‡∏±‡∏ö Windows„Äê ‡πÄ‡∏Å‡∏° PC -  Far Cry 3 Complete Collection „Äë‡πÅ‡∏ö‡∏ö‡∏î‡∏≤‡∏ß‡∏ô‡πå‡πÇ‡∏´‡∏•‡∏î ‡∏•‡∏¥‡∏á‡∏Å‡πå‡πÄ‡∏î‡∏µ‡∏¢‡∏ß„Äê ‡πÄ‡∏Å‡∏°‡∏Ñ‡∏≠‡∏°‡∏û‡∏¥‡∏ß‡πÄ‡∏ï‡∏≠‡∏£‡πå „Äë,https://www.lazada.co.th/tag/steam-game/?page=2
„Äê Game Pc „Äë‡πÄ‡∏Å‡∏°‡∏Ñ‡∏≠‡∏° ‡πÅ‡∏ö‡∏ö USB ‡πÅ‡∏ü‡∏•‡∏ä‡πÑ‡∏î‡∏£‡πå‡∏ü„Äê ‡πÄ‡∏Å‡∏° PC -  GTA San : Grand Theft Auto San Andreas „Äë‡πÄ‡∏Å‡∏°‡∏™‡∏≥‡∏´‡∏£‡∏±‡∏ö Windows ‡πÅ‡∏ö‡∏ö‡∏î‡∏≤‡∏ß‡∏ô‡πå‡πÇ‡∏´‡∏•‡∏î ‡∏•‡∏¥‡∏á‡∏Å‡πå‡πÄ‡∏î‡∏µ‡∏¢‡∏ß„Äê ‡πÄ‡∏Å‡∏°‡∏Ñ‡∏≠‡∏°‡∏û‡∏¥‡∏ß‡πÄ‡∏ï‡∏≠‡∏£‡πå „Äë,https://www.lazada.co.th/tag/steam-game/?page=2
[PC Game] ‡πÄ‡∏Å‡∏° PC ‡πÄ‡∏Å‡∏°‡∏Ñ‡∏≠‡∏° Game Call of Duty Modern Warfare 3 [DLC ‡∏Ñ‡∏£‡∏ö],https://www.lazada.co.th/tag/steam-game/?page=2
Dead Rising ‡πÄ‡∏Å‡∏° ‡∏Ñ‡∏≠‡∏°‡∏û‡∏¥‡∏ß‡πÄ‡∏ï‡∏≠‡∏£‡πå ‡πÇ‡∏ô‡πä‡∏ï‡∏ö‡∏∏‡πä‡∏Ñ ‡πÄ‡∏Å‡∏°‡∏™‡πå PC ‡πÅ‡∏ö‡∏ö ‡πÅ‡∏ü‡∏•‡∏ä‡πÑ‡∏î‡∏£‡πå‡∏ü GAME‚Äã ‡∏™‡∏≥‡∏´‡∏£‡∏±‡∏ö Windows ‡∏ï‡∏¥‡∏î‡∏ï‡∏±‡πâ‡∏á‡∏á‡πà‡∏≤‡∏¢,https://www.lazada.co.th/tag/steam-game/?page=2
[PC Game] ‡πÄ‡∏Å‡∏° PC ‡πÄ‡∏Å‡∏°‡∏Ñ‡∏≠‡∏° Game Resident Evil 6,https://www.lazada.co.th/tag/steam-game/?page=2
‡πÄ‡∏Å‡∏° ‡∏î‡∏≤‡∏ß‡πå‡∏ô‡πÇ‡∏´‡∏•‡∏î ‡πÄ‡∏Å‡∏°‡∏Ñ‡∏≠‡∏°‡∏û‡∏¥‡∏ß‡πÄ‡∏ï‡∏≠‡∏£‡πå ‡πÄ‡∏Å‡∏°‡∏Ñ‡∏≠‡∏° PC Game ‡πÄ‡∏Å‡∏° PC ‡πÄ‡∏Å‡∏° pc ‡πÅ‡∏ü‡∏£‡∏ä‡πÑ‡∏î‡∏£‡∏ü‡πå ‡πÄ‡∏Å‡∏° DVD Once in a life time **‡πÄ‡∏•‡πà‡∏ô‡πÑ‡∏î‡πâ‡πÄ‡∏•‡∏¢‡πÑ‡∏°‡πà‡∏ï‡πâ‡∏≠‡∏á‡∏ï‡∏¥‡∏î‡∏ï‡∏±‡πâ‡∏á**,https://www.lazada.co.th/tag/steam-game/?page=2
‡∏ï‡∏¥‡∏î‡∏ï‡∏±‡πâ‡∏á‡∏á‡πà‡∏≤‡∏¢ Demon Slayer Kimetsu no Yaiba- The Hinokami Chronicles ‡πÄ‡∏Å‡∏° pc [‡πÄ‡∏Å‡∏°‡∏Ñ‡∏≠‡∏°‡∏û‡∏¥‡∏ß‡πÄ‡∏ï‡∏≠‡∏£‡πå] Game Pc,https://www.lazada.co.th/tag/steam-game/?page=2
[PC Game] ‡πÄ‡∏Å‡∏° PC ‡πÄ‡∏Å‡∏°‡∏Ñ‡∏≠‡∏° Game Battlefield V,https://www.lazada.co.th/tag/steam-game/?page=2
[PC GAME] ‡πÅ‡∏ú‡πà‡∏ôDVD ‡πÄ‡∏Å‡∏°‡∏™‡πå‡∏Ñ‡∏≠‡∏° Red alert 2 Yuri's Revenge,https://www.lazada.co.th/tag/steam-game/?page=2
‡πÅ‡∏ú‡πà‡∏ôDVD ‡πÄ‡∏Å‡∏°‡∏™‡πå‡∏Ñ‡∏≠‡∏° ‡πÄ‡∏Ñ‡πâ‡∏≤‡πÄ‡∏ï‡∏≠‡∏£‡πå 1.6 ‡∏†‡∏≤‡∏©‡∏≤‡πÑ‡∏ó‡∏¢+‡∏ö‡∏≠‡∏ó,https://www.lazada.co.th/tag/steam-game/?page=2
[PC GAME] ‡πÅ‡∏ú‡πà‡∏ô‡πÄ‡∏Å‡∏°‡∏™‡πå Call of Duty: World at War PC,https://www.lazada.co.th/tag/steam-game/?page=2
Lazada Logistics,https://www.lazada.co.th/tag/steam-game/?page=2
FLASH,https://www.lazada.co.th/tag/steam-game/?page=2
Kerry,https://www.lazada.co.th/tag/steam-game/?page=2
ninjiavan,https://www.lazada.co.th/tag/steam-game/?page=2
Best,https://www.lazada.co.th/tag/steam-game/?page=2
TH Post,https://www.lazada.co.th/tag/steam-game/?page=2
TP,https://www.lazada.co.th/tag/steam-game/?page=2
GIZTIX,https://www.lazada.co.th/tag/steam-game/?page=2
NIM Express,https://www.lazada.co.th/tag/steam-game/?page=2
ISO,https://www.lazada.co.th/tag/steam-game/?page=2
PCI DSS,https://www.lazada.co.th/tag/steam-game/?page=2
,https://www.lazada.co.th/tag/steam-game/?page=3
‡πÇ‡∏•‡πÇ‡∏Å‡πâ ‡∏•‡∏≤‡∏ã‡∏≤‡∏î‡πâ‡∏≤ ‡∏ä‡πâ‡∏≠‡∏õ‡∏≠‡∏≠‡∏ô‡πÑ‡∏•‡∏ô‡πå,https://www.lazada.co.th/tag/steam-game/?page=3
‡∏û‡∏¥‡πÄ‡∏®‡∏©‡∏™‡∏≥‡∏´‡∏£‡∏±‡∏ö‡∏•‡∏π‡∏Å‡∏Ñ‡πâ‡∏≤‡πÉ‡∏´‡∏°‡πà,https://www.lazada.co.th/tag/steam-game/?page=3
"[PC Game] ‡πÄ‡∏Å‡∏° PC ‡πÄ‡∏Å‡∏°‡∏Ñ‡∏≠‡∏°  Counter-Strike Source [Warzon] (No-Steam,Autoupdate,Online",https://www.lazada.co.th/tag/steam-game/?page=3
Resident Evil 7 + Season Pass ‡πÄ‡∏Å‡∏° PC Steam Offline,https://www.lazada.co.th/tag/steam-game/?page=3
Far Cry 6 Ultimate Edition ‡∏†‡∏≤‡∏©‡∏≤‡πÑ‡∏ó‡∏¢ - ‡πÄ‡∏Å‡∏° pc ‡∏™‡∏≥‡∏´‡∏£‡∏±‡∏ö windows game ‡πÅ‡∏ö‡∏ö DVD USB Flash drive ‡πÅ‡∏•‡∏∞‡∏î‡∏≤‡∏ß‡∏ô‡πå‡πÇ‡∏´‡∏•‡∏î‡πÑ‡∏ü‡∏•‡πå ‡∏ï‡∏¥‡∏î‡∏ï‡∏±‡πâ‡∏á‡∏á‡πà‡∏≤‡∏¢ ‡∏î‡πâ‡∏ß‡∏¢‡∏£‡∏∞‡∏ö‡∏ö Autorun install - ‡πÄ‡∏Å‡∏°‡∏Ñ‡∏≠‡∏°‡∏û‡∏¥‡∏ß‡πÄ‡∏ï‡∏≠‡∏£‡πå,https://www.lazada.co.th/tag/steam-game/?page=3
„Äê Game Pc „Äë‡πÄ‡∏Å‡∏°‡∏Ñ‡∏≠‡∏° ‡πÅ‡∏ö‡∏ö USB Game ‡πÅ‡∏ü‡∏•‡∏ä‡πÑ‡∏î‡∏£‡πå‡∏ü ‡∏™‡∏≥‡∏´‡∏£‡∏±‡∏ö Windows„Äê ‡πÄ‡∏Å‡∏° PC -  Medal of Honor Limited Edition „Äë‡πÅ‡∏ö‡∏ö‡∏î‡∏≤‡∏ß‡∏ô‡πå‡πÇ‡∏´‡∏•‡∏î ‡∏•‡∏¥‡∏á‡∏Å‡πå‡πÄ‡∏î‡∏µ‡∏¢‡∏ß„Äê ‡πÄ‡∏Å‡∏°‡∏Ñ‡∏≠‡∏°‡∏û‡∏¥‡∏ß‡πÄ‡∏ï‡∏≠‡∏£‡πå „Äë,https://www.lazada.co.th/tag/steam-game/?page=3
‡πÄ‡∏Å‡∏° PC Game ELDEN RING Deluxe Edition V.1.05 [‡∏†‡∏≤‡∏©‡∏≤‡πÑ‡∏ó‡∏¢ - DLC ‡∏Ñ‡∏£‡∏ö ‡∏£‡∏≤‡∏¢‡∏•‡∏∞‡πÄ‡∏≠‡∏µ‡∏¢‡∏î‡∏î‡πâ‡∏≤‡∏ô‡πÉ‡∏ô] ‡πÄ‡∏Å‡∏°‡∏Ñ‡∏≠‡∏°‡∏û‡∏¥‡∏ß‡πÄ‡∏ï‡∏≠‡∏£‡πå Game PC ‡πÄ‡∏Å‡∏°‡∏Ñ‡∏≠‡∏°,https://www.lazada.co.th/tag/steam-game/?page=3
[PC Game] ‡πÄ‡∏Å‡∏° PC ‡πÄ‡∏Å‡∏°‡∏Ñ‡∏≠‡∏° Game Battlefield: Bad Company 2,https://www.lazada.co.th/tag/steam-game/?page=3
Iron Harvest  ‡πÄ‡∏Å‡∏°‡∏ô‡∏µ‡πâ‡πÇ‡∏Ñ‡∏£‡∏ï‡∏°‡∏±‡∏ô‡∏ö‡∏≠‡∏Å‡πÄ‡∏•‡∏¢ - [PC Game] ‡πÄ‡∏Å‡∏° PC ‡πÄ‡∏Å‡∏°‡∏Ñ‡∏≠‡∏° Game PC ‡πÄ‡∏Å‡∏°‡∏Ñ‡∏≠‡∏°‡∏û‡∏¥‡∏ß‡πÄ‡∏ï‡∏≠‡∏£‡πå ‡∏ï‡∏¥‡∏î‡∏ï‡∏±‡πâ‡∏á‡∏á‡πà‡∏≤‡∏¢,https://www.lazada.co.th/tag/steam-game/?page=3
Game House Pocket Game ‡∏£‡∏ß‡∏° 160 ‡πÄ‡∏Å‡∏°‡∏™‡πå (‡∏û‡∏£‡πâ‡∏≠‡∏°‡∏£‡∏´‡∏±‡∏™ ‡πÄ‡∏•‡πà‡∏ô‡πÑ‡∏î‡πâ‡∏ï‡∏•‡∏≠‡∏î) ‡πÅ‡∏ú‡πà‡∏ô‡πÄ‡∏Å‡∏°‡∏™‡πå ‡πÅ‡∏ü‡∏•‡∏ä‡πÑ‡∏î‡∏£‡πå‡∏ü ‡πÄ‡∏Å‡∏°‡∏™‡πå‡∏Ñ‡∏≠‡∏°‡∏û‡∏¥‡∏ß‡πÄ‡∏ï‡∏≠‡∏£‡πå  PC ‡πÇ‡∏ô‡πä‡∏ï‡∏ö‡∏∏‡πä‡∏Ñ,https://www.lazada.co.th/tag/steam-game/?page=3
‡πÄ‡∏Å‡∏° PC PES 2013 Next Season Patch 2022 Game PC ‡∏°‡∏≤‡πÉ‡∏´‡∏°‡πà ‡πÄ‡∏Å‡∏°‡∏Ñ‡∏≠‡∏° ‡∏≠‡∏±‡∏û‡πÄ‡∏î‡∏ó‡∏•‡πà‡∏≤‡∏™‡∏∏‡∏î [‡∏£‡∏≤‡∏¢‡∏•‡∏∞‡πÄ‡∏≠‡∏µ‡∏¢‡∏î ‡∏î‡∏π ‡∏ß‡∏µ‡∏î‡∏µ‡πÇ‡∏≠ ‡∏ï‡∏±‡∏ß‡∏≠‡∏¢‡πà‡∏≤‡∏á‡∏î‡πâ‡∏≤‡∏ô‡πÉ‡∏ô],https://www.lazada.co.th/tag/steam-game/?page=3
[PC Game] ‡πÄ‡∏Å‡∏° PC ‡πÄ‡∏Å‡∏°‡∏Ñ‡∏≠‡∏° Game  Play Home - All In One [*‡∏™‡∏≤‡∏£‡∏∞‡∏Ñ‡∏£‡∏±‡∏ö* ‡∏†‡∏≤‡∏©‡∏≤‡πÉ‡∏ô‡πÄ‡∏Å‡∏°‡πÄ‡∏õ‡πá‡∏ô‡∏†‡∏≤‡∏©‡∏≤‡∏≠‡∏±‡∏á‡∏Å‡∏§‡∏©‡∏ô‡∏∞‡∏Ñ‡∏£‡∏±‡∏ö]  - ‡πÄ‡∏Å‡∏°‡∏Ñ‡∏≠‡∏°‡∏û‡∏¥‡∏ß‡πÄ‡∏ï‡∏≠‡∏£‡πå,https://www.lazada.co.th/tag/steam-game/?page=3
„Äê Game Pc „Äë‡πÄ‡∏Å‡∏°‡∏Ñ‡∏≠‡∏° ‡πÅ‡∏ö‡∏ö USB ‡πÅ‡∏ü‡∏•‡∏ä‡πÑ‡∏î‡∏£‡πå‡∏ü ‡∏™‡∏≥‡∏´‡∏£‡∏±‡∏ö Windows„Äê ‡πÄ‡∏Å‡∏° PC -  JUMP FORCE Ultimate Edition [‡∏†‡∏≤‡∏©‡∏≤‡πÑ‡∏ó‡∏¢] ‡∏≠‡∏±‡∏õ‡πÄ‡∏î‡∏ï‡∏•‡πà‡∏≤‡∏™‡∏∏‡∏î DLC ‡∏Ñ‡∏£‡∏ö „Äë‡πÅ‡∏ö‡∏ö‡∏î‡∏≤‡∏ß‡∏ô‡πå‡πÇ‡∏´‡∏•‡∏î ‡∏•‡∏¥‡∏á‡∏Å‡πå‡πÄ‡∏î‡∏µ‡∏¢‡∏ß„Äê ‡πÄ‡∏Å‡∏°‡∏Ñ‡∏≠‡∏°‡∏û‡∏¥‡∏ß‡πÄ‡∏ï‡∏≠‡∏£‡πå „Äë,https://www.lazada.co.th/tag/steam-game/?page=3
Diablo II Resurrected (Game PC ) ‡πÄ‡∏Å‡∏° pc [‡πÄ‡∏Å‡∏°‡∏Ñ‡∏≠‡∏°‡∏û‡∏¥‡∏ß‡πÄ‡∏ï‡∏≠‡∏£‡πå] ‡∏ï‡∏¥‡∏î‡∏ï‡∏±‡πâ‡∏á‡∏á‡πà‡∏≤‡∏¢,https://www.lazada.co.th/tag/steam-game/?page=3
[PC Game] ‡πÄ‡∏Å‡∏° PC ‡πÄ‡∏Å‡∏°‡∏Ñ‡∏≠‡∏° Game Prototype 2,https://www.lazada.co.th/tag/steam-game/?page=3
PC Game 480in1 ‡∏£‡∏ß‡∏°‡πÄ‡∏Å‡∏°‡∏™‡πå‡πÄ‡∏Å‡πà‡∏≤ (‡πÅ‡∏ü‡∏°‡∏°‡∏¥‡∏•‡∏µ‡πà) ‡πÅ‡∏ú‡πà‡∏ô‡πÅ‡∏•‡∏∞‡πÅ‡∏ü‡∏•‡∏ä‡πÑ‡∏î‡∏£‡πå‡∏ü  ‡πÄ‡∏Å‡∏°‡∏™‡πå ‡∏Ñ‡∏≠‡∏°‡∏û‡∏¥‡∏ß‡πÄ‡∏ï‡∏≠‡∏£‡πå  Pc ‡πÅ‡∏•‡∏∞ ‡πÇ‡∏ô‡πä‡∏ï‡∏ö‡∏∏‡πä‡∏Ñ,https://www.lazada.co.th/tag/steam-game/?page=3
[PC Game] ‡πÄ‡∏Å‡∏° PC ‡πÄ‡∏Å‡∏°‡∏Ñ‡∏≠‡∏° Game ANNO 1800 COMPLETE EDITION [‡πÄ‡∏û‡∏¥‡πà‡∏° 10 DLC] - ‡πÄ‡∏Å‡∏°‡∏Ñ‡∏≠‡∏°‡∏û‡∏¥‡∏ß‡πÄ‡∏ï‡∏≠‡∏£‡πå,https://www.lazada.co.th/tag/steam-game/?page=3
PC Game Battle Realms + Winter of the Wolf,https://www.lazada.co.th/tag/steam-game/?page=3
[PC Game] ‡πÄ‡∏Å‡∏° PC ‡πÄ‡∏Å‡∏°‡∏Ñ‡∏≠‡∏° Game Crysis - Collection [‡∏£‡∏ß‡∏° Crysis 4 ‡∏†‡∏≤‡∏Ñ] [‡πÅ‡∏ö‡∏ö USB Flashdrive 64Gb] [‡πÑ‡∏°‡πà‡∏ï‡πâ‡∏≠‡∏á‡∏ï‡∏¥‡∏î‡∏ï‡∏±‡πâ‡∏á‡πÄ‡∏™‡∏µ‡∏¢‡∏ö‡πÅ‡∏•‡πâ‡∏ß‡πÄ‡∏•‡πà‡∏ô‡πÑ‡∏î‡πâ‡πÄ‡∏•‡∏¢] ‡πÄ‡∏Å‡∏°‡∏Ñ‡∏≠‡∏°‡∏û‡∏¥‡∏ß‡πÄ‡∏ï‡∏≠‡∏£‡πå,https://www.lazada.co.th/tag/steam-game/?page=3
[PC Game] ‡πÄ‡∏Å‡∏° PC ‡πÄ‡∏Å‡∏°‡∏Ñ‡∏≠‡∏° Game Far Cry Primal - Apex Edition,https://www.lazada.co.th/tag/steam-game/?page=3
[PC Game] ‡πÄ‡∏Å‡∏° PC ‡πÄ‡∏Å‡∏°‡∏Ñ‡∏≠‡∏° Game Sniper Ghost Warrior Contracts ‡πÄ‡∏Å‡∏°‡∏Ñ‡∏≠‡∏°‡∏û‡∏¥‡∏ß‡πÄ‡∏ï‡∏≠‡∏£‡πå,https://www.lazada.co.th/tag/steam-game/?page=3
[PC Game] ‡πÄ‡∏Å‡∏° PC ‡πÄ‡∏Å‡∏°‡∏Ñ‡∏≠‡∏° Game  The Amazing Spider Man 2 [DLC ‡∏Ñ‡∏£‡∏ö],https://www.lazada.co.th/tag/steam-game/?page=3
[PC Game] ‡πÄ‡∏Å‡∏° PC ‡πÄ‡∏Å‡∏°‡∏Ñ‡∏≠‡∏° Game Battlefield Vietnam,https://www.lazada.co.th/tag/steam-game/?page=3
Dead Island: Game of the Year Edition ‡πÄ‡∏Å‡∏° pc [‡πÄ‡∏Å‡∏°‡∏Ñ‡∏≠‡∏°‡∏û‡∏¥‡∏ß‡πÄ‡∏ï‡∏≠‡∏£‡πå] ‡∏ï‡∏¥‡∏î‡∏ï‡∏±‡πâ‡∏á‡∏á‡πà‡∏≤‡∏¢,https://www.lazada.co.th/tag/steam-game/?page=3
The Legend Of Heroes Trails From Zero „Äê Game Pc „Äë‡πÄ‡∏Å‡∏°‡∏Ñ‡∏≠‡∏° ‡πÅ‡∏ö‡∏ö USB ‡πÅ‡∏ü‡∏•‡∏ä‡πÑ‡∏î‡∏£‡πå‡∏ü ‡πÄ‡∏Å‡∏° ‡∏™‡∏≥‡∏´‡∏£‡∏±‡∏ö PC Windows ‡πÅ‡∏ö‡∏ö‡∏î‡∏≤‡∏ß‡∏ô‡πå‡πÇ‡∏´‡∏•‡∏î ‡∏•‡∏¥‡∏á‡∏Å‡πå‡πÄ‡∏î‡∏µ‡∏¢‡∏ß„Äê ‡πÄ‡∏Å‡∏°‡∏Ñ‡∏≠‡∏°‡∏û‡∏¥‡∏ß‡πÄ‡∏ï‡∏≠‡∏£‡πå „Äë,https://www.lazada.co.th/tag/steam-game/?page=3
‡πÄ‡∏Å‡∏° PC Game Jurassic World Evolution 2 Deluxe Edition ‡πÄ‡∏Å‡∏°‡∏Ñ‡∏≠‡∏°‡∏û‡∏¥‡∏ß‡πÄ‡∏ï‡∏≠‡∏£‡πå Game PC ‡πÄ‡∏Å‡∏°‡∏Ñ‡∏≠‡∏°,https://www.lazada.co.th/tag/steam-game/?page=3
‡πÄ‡∏Å‡∏° PC Game -  Age of Empires III Definitive Edition  - ‡πÄ‡∏Å‡∏°‡∏Ñ‡∏≠‡∏°‡∏û‡∏¥‡∏ß‡πÄ‡∏ï‡∏≠‡∏£‡πå,https://www.lazada.co.th/tag/steam-game/?page=3
[PC Game] ‡πÄ‡∏Å‡∏° PC ‡πÄ‡∏Å‡∏°‡∏Ñ‡∏≠‡∏° Game Need For Speed Most Wanted 2012,https://www.lazada.co.th/tag/steam-game/?page=3
‡πÄ‡∏Å‡∏°‡∏Ñ‡∏≠‡∏°‡∏û‡∏¥‡∏ß‡πÄ‡∏ï‡∏≠‡∏£‡πå ‡πÄ‡∏Å‡∏°‡∏Ñ‡∏≠‡∏° ‡πÄ‡∏Å‡∏°‡∏Ñ‡∏≠‡∏°‡∏ô‡πà‡∏≤‡πÄ‡∏•‡πà‡∏ô ‡πÄ‡∏Å‡∏°‡πÄ‡∏£‡∏î18 PC Games USB Flashdrive DVD ‡πÄ‡∏Å‡∏° ‡∏ô‡∏±‡∏Å‡πÇ‡∏ó‡∏©‡∏´‡∏ç‡∏¥‡∏á ‡πÅ‡∏õ‡∏•‡πÑ‡∏ó‡∏¢***‡πÄ‡∏•‡πà‡∏ô‡πÑ‡∏î‡πâ100%***,https://www.lazada.co.th/tag/steam-game/?page=3
God of War Collection ‡πÄ‡∏Å‡∏°‡∏Ñ‡∏≠‡∏°‡∏û‡∏¥‡∏ß‡πÄ‡∏ï‡∏≠‡∏£‡πå [‡πÄ‡∏™‡∏µ‡∏¢‡∏ö‡∏à‡∏≠‡∏¢ ‡πÄ‡∏•‡πà‡∏ô‡πÑ‡∏î‡πâ‡πÄ‡∏•‡∏¢ ‡πÑ‡∏°‡πà‡∏ï‡πâ‡∏≠‡∏á‡∏ï‡∏±‡πâ‡∏á‡∏Ñ‡πà‡∏≤‡∏à‡∏≠‡∏¢] Game Pc ‡πÄ‡∏Å‡∏°‡∏Ñ‡∏≠‡∏°,https://www.lazada.co.th/tag/steam-game/?page=3
‡πÄ‡∏Å‡∏°‡∏Ñ‡∏≠‡∏°‡∏û‡∏¥‡∏ß‡πÄ‡∏ï‡∏≠‡∏£‡πå ‡πÄ‡∏Å‡∏°‡∏Ñ‡∏≠‡∏° ‡πÄ‡∏Å‡∏°‡∏Ñ‡∏≠‡∏°‡∏ô‡πà‡∏≤‡πÄ‡∏•‡πà‡∏ô  PC Games USB Flashdrive DVD ‡πÄ‡∏Å‡∏° ‡πÄ‡∏Å‡∏¥‡∏£‡πå‡∏•‡πÄ‡∏Æ‡πâ‡∏≤‡∏™‡πå ***‡πÄ‡∏•‡πà‡∏ô‡πÑ‡∏î‡πâ‡πÄ‡∏•‡∏¢‡πÑ‡∏°‡πà‡∏ï‡πâ‡∏≠‡∏á‡∏ï‡∏¥‡∏î‡∏ï‡∏±‡πâ‡∏á,https://www.lazada.co.th/tag/steam-game/?page=3
[PC Game] ‡πÄ‡∏Å‡∏° PC ‡πÄ‡∏Å‡∏°‡∏Ñ‡∏≠‡∏° Game Total War ROME II Emperor Edition [‡πÄ‡∏û‡∏¥‡πà‡∏° Mod Medieval 1100 AD Campaign PART 1 ‡πÅ‡∏•‡∏∞ PART2 ‡∏ï‡∏±‡∏ß‡∏•‡πà‡∏≤‡∏™‡∏∏‡∏î],https://www.lazada.co.th/tag/steam-game/?page=3
‡πÄ‡∏Å‡∏° Pc Brigandine The Legend of Runersia [‡πÄ‡∏Å‡∏°‡πÅ‡∏ô‡∏ß Strategy] ‡πÄ‡∏Å‡∏°‡∏Ñ‡∏≠‡∏°‡∏û‡∏¥‡∏ß‡πÄ‡∏ï‡∏≠‡∏£‡πå Game PC ‡πÄ‡∏Å‡∏°‡∏Ñ‡∏≠‡∏°,https://www.lazada.co.th/tag/steam-game/?page=3
üéÆPC GameüéÆ ‡πÄ‡∏Å‡∏°‡∏™‡πå‡∏Ñ‡∏≠‡∏° This War of Mine complete edition Ver.GOG DRM-FREE (‡πÄ‡∏Å‡∏°‡πÅ‡∏ó‡πâ) Flashdriveüïπ,https://www.lazada.co.th/tag/steam-game/?page=3
‡πÄ‡∏Å‡∏°‡∏Ñ‡∏≠‡∏°‡∏û‡∏¥‡∏ß‡πÄ‡∏ï‡∏≠‡∏£‡πå ‡πÄ‡∏Å‡∏°‡∏Ñ‡∏≠‡∏° ‡πÄ‡∏Å‡∏°‡∏Ñ‡∏≠‡∏°‡∏ô‡πà‡∏≤‡πÄ‡∏•‡πà‡∏ô ‡πÄ‡∏Å‡∏°‡πÄ‡∏£‡∏î18 PC Games USB Flashdrive DVD ‡πÄ‡∏Å‡∏° WVM **‡πÄ‡∏•‡πà‡∏ô‡πÑ‡∏î‡πâ‡πÄ‡∏•‡∏¢‡πÑ‡∏°‡πà‡∏ï‡πâ‡∏≠‡∏á‡∏ï‡∏¥‡∏î‡∏ï‡∏±‡πâ‡∏á**,https://www.lazada.co.th/tag/steam-game/?page=3
‡πÄ‡∏Å‡∏°‡∏Ñ‡∏≠‡∏°‡∏û‡∏¥‡∏ß‡πÄ‡∏ï‡∏≠‡∏£‡πå ‡πÄ‡∏Å‡∏°‡∏Ñ‡∏≠‡∏° ‡πÄ‡∏Å‡∏°‡∏Ñ‡∏≠‡∏°‡∏ô‡πà‡∏≤‡πÄ‡∏•‡πà‡∏ô ‡πÄ‡∏Å‡∏°‡πÄ‡∏£‡∏î18 PC Games USB Flashdrive DVD ‡πÄ‡∏Å‡∏° Boku to Kanojo (Joi)  no Shinsatsu **‡πÄ‡∏•‡πà‡∏ô‡πÑ‡∏î‡πâ‡πÄ‡∏•‡∏¢‡πÑ‡∏°‡πà‡∏ï‡πâ‡∏≠‡∏á‡∏ï‡∏¥‡∏î‡∏ï‡∏±‡πâ‡∏á** Nisshi,https://www.lazada.co.th/tag/steam-game/?page=3
[PC Game] ‡πÄ‡∏Å‡∏° PC ‡πÄ‡∏Å‡∏°‡∏Ñ‡∏≠‡∏° Game Medal of Honor Air Borne ‡πÄ‡∏Å‡∏°‡∏Ñ‡∏≠‡∏°‡∏û‡∏¥‡∏ß‡πÄ‡∏ï‡∏≠‡∏£‡πå,https://www.lazada.co.th/tag/steam-game/?page=3
‡πÄ‡∏Å‡∏° PC Game  -  Kena Bridge of Spirits [‡∏†‡∏≤‡∏©‡∏≤‡πÑ‡∏ó‡∏¢]  -  ‡πÄ‡∏Å‡∏°‡∏Ñ‡∏≠‡∏°‡∏û‡∏¥‡∏ß‡πÄ‡∏ï‡∏≠‡∏£‡πå,https://www.lazada.co.th/tag/steam-game/?page=3
‡πÄ‡∏Å‡∏°‡∏Ñ‡∏≠‡∏°‡∏û‡∏¥‡∏ß‡πÄ‡∏ï‡∏≠‡∏£‡πå ‡πÄ‡∏Å‡∏°‡∏Ñ‡∏≠‡∏° ‡πÄ‡∏Å‡∏°‡∏Ñ‡∏≠‡∏°‡∏ô‡πà‡∏≤‡πÄ‡∏•‡πà‡∏ô  PC Games USB Flashdrive DVD ‡πÄ‡∏Å‡∏° ‡πÄ‡∏≠‡πÇ‡∏≠‡πÄ‡∏≠ ‡∏≠‡∏∞‡∏Ñ‡∏≤‡πÄ‡∏î‡∏°‡∏µ‡πà ‡πÄ‡∏•‡πà‡∏ô‡πÑ‡∏î‡πâ 100% *‡πÑ‡∏°‡πà‡∏ï‡πâ‡∏≠‡∏á‡∏ï‡∏¥‡∏î‡∏ï‡∏±‡πâ‡∏á*,https://www.lazada.co.th/tag/steam-game/?page=3
[PC GAME] ‡πÅ‡∏ú‡πà‡∏ô‡πÄ‡∏Å‡∏°‡∏™‡πå Metal Gear Rising: Revengeance PC,https://www.lazada.co.th/tag/steam-game/?page=3
‡πÄ‡∏Å‡∏°‡∏Ñ‡∏≠‡∏°‡∏û‡∏¥‡∏ß‡πÄ‡∏ï‡∏≠‡∏£‡πå ‡πÄ‡∏Å‡∏°‡∏Ñ‡∏≠‡∏° ‡πÄ‡∏Å‡∏°‡∏Ñ‡∏≠‡∏°‡∏ô‡πà‡∏≤‡πÄ‡∏•‡πà‡∏ô ‡πÄ‡∏Å‡∏°‡πÄ‡∏£‡∏î18 PC Games USB Flashdrive DVD ‡πÄ‡∏Å‡∏° Yume 2 Sleepless Night + DLC **‡πÄ‡∏•‡πà‡∏ô‡πÑ‡∏î‡πâ‡πÄ‡∏•‡∏¢‡πÑ‡∏°‡πà‡∏ï‡πâ‡∏≠‡∏á‡∏ï‡∏¥‡∏î‡∏ï‡∏±‡πâ‡∏á**,https://www.lazada.co.th/tag/steam-game/?page=3
‡πÄ‡∏Å‡∏°‡∏î‡∏≤‡∏ß‡πå‡∏ô‡πÇ‡∏´‡∏•‡∏î ‡πÄ‡∏Å‡∏°‡∏Ñ‡∏≠‡∏°‡∏û‡∏¥‡∏ß‡πÄ‡∏ï‡∏≠‡∏£‡πå ‡πÄ‡∏Å‡∏°‡∏Ñ‡∏≠‡∏° PC Game ‡πÄ‡∏Å‡∏° PC ‡πÄ‡∏Å‡∏° PC ‡πÅ‡∏ü‡∏£‡∏ä‡πÑ‡∏î‡∏£‡∏ü‡πå ‡πÄ‡∏Å‡∏° ‡∏£‡∏µ‡∏™‡∏≠‡∏£‡πå‡∏ó‡∏´‡∏£‡∏£‡∏©‡∏≤***‡πÄ‡∏•‡πà‡∏ô‡πÑ‡∏î‡πâ100% ‡πÑ‡∏°‡πà‡∏ï‡πâ‡∏≠‡∏á‡∏ï‡∏¥‡∏î‡∏ï‡∏±‡πâ‡∏á***,https://www.lazada.co.th/tag/steam-game/?page=3
Lazada Logistics,https://www.lazada.co.th/tag/steam-game/?page=3
FLASH,https://www.lazada.co.th/tag/steam-game/?page=3
Kerry,https://www.lazada.co.th/tag/steam-game/?page=3
ninjiavan,https://www.lazada.co.th/tag/steam-game/?page=3
Best,https://www.lazada.co.th/tag/steam-game/?page=3
TH Post,https://www.lazada.co.th/tag/steam-game/?page=3
TP,https://www.lazada.co.th/tag/steam-game/?page=3
GIZTIX,https://www.lazada.co.th/tag/steam-game/?page=3
NIM Express,https://www.lazada.co.th/tag/steam-game/?page=3
ISO,https://www.lazada.co.th/tag/steam-game/?page=3
PCI DSS,https://www.lazada.co.th/tag/steam-game/?page=3
,https://www.lazada.co.th/tag/steam-game/?page=4
‡πÇ‡∏•‡πÇ‡∏Å‡πâ ‡∏•‡∏≤‡∏ã‡∏≤‡∏î‡πâ‡∏≤ ‡∏ä‡πâ‡∏≠‡∏õ‡∏≠‡∏≠‡∏ô‡πÑ‡∏•‡∏ô‡πå,https://www.lazada.co.th/tag/steam-game/?page=4
‡∏û‡∏¥‡πÄ‡∏®‡∏©‡∏™‡∏≥‡∏´‡∏£‡∏±‡∏ö‡∏•‡∏π‡∏Å‡∏Ñ‡πâ‡∏≤‡πÉ‡∏´‡∏°‡πà,https://www.lazada.co.th/tag/steam-game/?page=4
[PC Game] ‡πÄ‡∏Å‡∏° PC ‡πÄ‡∏Å‡∏°‡∏Ñ‡∏≠‡∏° Game  The Amazing Spider Man 2 [DLC ‡∏Ñ‡∏£‡∏ö],https://www.lazada.co.th/tag/steam-game/?page=4
„Äê Game Pc „Äë‡πÄ‡∏Å‡∏°‡∏Ñ‡∏≠‡∏° ‡πÅ‡∏ö‡∏ö USB Game ‡πÅ‡∏ü‡∏•‡∏ä‡πÑ‡∏î‡∏£‡πå‡∏ü ‡∏™‡∏≥‡∏´‡∏£‡∏±‡∏ö Windows„Äê ‡πÄ‡∏Å‡∏° PC -  Medal of Honor Limited Edition „Äë‡πÅ‡∏ö‡∏ö‡∏î‡∏≤‡∏ß‡∏ô‡πå‡πÇ‡∏´‡∏•‡∏î ‡∏•‡∏¥‡∏á‡∏Å‡πå‡πÄ‡∏î‡∏µ‡∏¢‡∏ß„Äê ‡πÄ‡∏Å‡∏°‡∏Ñ‡∏≠‡∏°‡∏û‡∏¥‡∏ß‡πÄ‡∏ï‡∏≠‡∏£‡πå „Äë,https://www.lazada.co.th/tag/steam-game/?page=4
[PC Game] ‡πÄ‡∏Å‡∏° PC ‡πÄ‡∏Å‡∏°‡∏Ñ‡∏≠‡∏° Game Medal of Honor Air Borne ‡πÄ‡∏Å‡∏°‡∏Ñ‡∏≠‡∏°‡∏û‡∏¥‡∏ß‡πÄ‡∏ï‡∏≠‡∏£‡πå,https://www.lazada.co.th/tag/steam-game/?page=4
PC Game Battle Realms + Winter of the Wolf,https://www.lazada.co.th/tag/steam-game/?page=4
[PC Game] ‡πÄ‡∏Å‡∏° PC ‡πÄ‡∏Å‡∏°‡∏Ñ‡∏≠‡∏° Game  Play Home - All In One [*‡∏™‡∏≤‡∏£‡∏∞‡∏Ñ‡∏£‡∏±‡∏ö* ‡∏†‡∏≤‡∏©‡∏≤‡πÉ‡∏ô‡πÄ‡∏Å‡∏°‡πÄ‡∏õ‡πá‡∏ô‡∏†‡∏≤‡∏©‡∏≤‡∏≠‡∏±‡∏á‡∏Å‡∏§‡∏©‡∏ô‡∏∞‡∏Ñ‡∏£‡∏±‡∏ö]  - ‡πÄ‡∏Å‡∏°‡∏Ñ‡∏≠‡∏°‡∏û‡∏¥‡∏ß‡πÄ‡∏ï‡∏≠‡∏£‡πå,https://www.lazada.co.th/tag/steam-game/?page=4
[PC GAME] ‡πÅ‡∏ú‡πà‡∏ô‡πÄ‡∏Å‡∏°‡∏™‡πå Game House MAX PC,https://www.lazada.co.th/tag/steam-game/?page=4
[PC Game] ‡πÄ‡∏Å‡∏° PC ‡πÄ‡∏Å‡∏°‡∏Ñ‡∏≠‡∏° Game ANNO 1800 COMPLETE EDITION [‡πÄ‡∏û‡∏¥‡πà‡∏° 10 DLC] - ‡πÄ‡∏Å‡∏°‡∏Ñ‡∏≠‡∏°‡∏û‡∏¥‡∏ß‡πÄ‡∏ï‡∏≠‡∏£‡πå,https://www.lazada.co.th/tag/steam-game/?page=4
[PC Game] ‡πÄ‡∏Å‡∏° PC ‡πÄ‡∏Å‡∏°‡∏Ñ‡∏≠‡∏° Game Need For Speed Most Wanted 2012,https://www.lazada.co.th/tag/steam-game/?page=4
‡πÄ‡∏Å‡∏°‡∏ó‡πç‡∏≤‡∏ü‡∏≤‡∏£‡πå‡∏° Doraemon Story of Seasons ‡∏†‡∏≤‡∏©‡∏≤‡πÑ‡∏ó‡∏¢ [‡∏î‡∏≤‡∏ß‡∏ô‡πå‡πÇ‡∏´‡∏•‡∏î] [PC],https://www.lazada.co.th/tag/steam-game/?page=4
[PC GAME] ‡πÅ‡∏ú‡πà‡∏ô‡πÄ‡∏Å‡∏°‡∏™‡πå Resident Evil 2 Remake Deluxe Edition [‡∏†‡∏≤‡∏©‡∏≤‡πÑ‡∏ó‡∏¢] PC,https://www.lazada.co.th/tag/steam-game/?page=4
[PC Game] ‡πÄ‡∏Å‡∏° PC ‡πÄ‡∏Å‡∏°‡∏Ñ‡∏≠‡∏° Game Sniper Ghost Warrior Contracts ‡πÄ‡∏Å‡∏°‡∏Ñ‡∏≠‡∏°‡∏û‡∏¥‡∏ß‡πÄ‡∏ï‡∏≠‡∏£‡πå,https://www.lazada.co.th/tag/steam-game/?page=4
[PC Game] ‡πÄ‡∏Å‡∏° PC ‡πÄ‡∏Å‡∏°‡∏Ñ‡∏≠‡∏° Game Far Cry Primal - Apex Edition,https://www.lazada.co.th/tag/steam-game/?page=4
Genshin ‡∏≠‡∏¥‡∏°‡πÅ‡∏û‡∏Ñ Childe Double 5 Star Start Combo Account ASIA Server |,https://www.lazada.co.th/tag/steam-game/?page=4
Stray ‡πÄ‡∏Å‡∏°‡∏ú‡∏à‡∏ç‡∏†‡∏±‡∏¢‡∏Å‡∏±‡∏ö‡∏ô‡πâ‡∏≠‡∏á‡πÅ‡∏°‡∏ß‡πÄ‡∏´‡∏°‡∏µ‡∏¢‡∏ß ‡∏†‡∏≤‡∏©‡∏≤‡πÑ‡∏ó‡∏¢ [‡∏î‡∏≤‡∏ß‡∏ô‡πå‡πÇ‡∏´‡∏•‡∏î] [‡πÅ‡∏ü‡∏•‡∏ä‡πÑ‡∏î‡∏£‡πå‡∏ü] [PC],https://www.lazada.co.th/tag/steam-game/?page=4
‡∏ö‡∏±‡∏ç‡∏ä‡∏µ‡∏°‡πâ‡∏ß‡∏ô‡∏ú‡∏•‡∏Å‡∏£‡∏∞‡∏ó‡∏ö Genshin | ‡∏ö‡∏±‡∏ç‡∏ä‡∏µ Self-Rolls | ‡∏ö‡∏±‡∏ç‡∏ä‡∏µ‡πÄ‡∏£‡∏¥‡πà‡∏°‡∏ï‡πâ‡∏ô | 75-80‡∏°‡πâ‡∏ß‡∏ô‡πÄ‡∏≠‡πÄ‡∏ä‡∏µ‡∏¢,https://www.lazada.co.th/tag/steam-game/?page=4
[PC GAME] ‡πÅ‡∏ú‡πà‡∏ô‡πÄ‡∏Å‡∏°‡∏™‡πå JUMP FORCE Ultimate Edition PC [‡∏†‡∏≤‡∏©‡∏≤‡πÑ‡∏ó‡∏¢],https://www.lazada.co.th/tag/steam-game/?page=4
Far Cry 6 Ultimate Edition ‡∏†‡∏≤‡∏©‡∏≤‡πÑ‡∏ó‡∏¢ - ‡πÄ‡∏Å‡∏° pc ‡∏™‡∏≥‡∏´‡∏£‡∏±‡∏ö windows game ‡πÅ‡∏ö‡∏ö DVD USB Flash drive ‡πÅ‡∏•‡∏∞‡∏î‡∏≤‡∏ß‡∏ô‡πå‡πÇ‡∏´‡∏•‡∏î‡πÑ‡∏ü‡∏•‡πå ‡∏ï‡∏¥‡∏î‡∏ï‡∏±‡πâ‡∏á‡∏á‡πà‡∏≤‡∏¢ ‡∏î‡πâ‡∏ß‡∏¢‡∏£‡∏∞‡∏ö‡∏ö Autorun install - ‡πÄ‡∏Å‡∏°‡∏Ñ‡∏≠‡∏°‡∏û‡∏¥‡∏ß‡πÄ‡∏ï‡∏≠‡∏£‡πå,https://www.lazada.co.th/tag/steam-game/?page=4
(‡πÄ‡∏Å‡∏°‡∏™‡πå PC) Terraria - Hiwnon_Henshin,https://www.lazada.co.th/tag/steam-game/?page=4
[PC GAME] ‡πÅ‡∏ú‡πà‡∏ô‡πÄ‡∏Å‡∏°‡∏™‡πå Planet Zoo: Deluxe Edition PC,https://www.lazada.co.th/tag/steam-game/?page=4
Zhongli ‡∏ö‡∏±‡∏ç‡∏ä‡∏µ AR38 Engineserver Genshin Impact Primogems Zhongli + 160 Rolls + ‡∏ö‡∏±‡∏ç‡∏ä‡∏µ Farmed ‡∏™‡∏∏‡πà‡∏°5‡∏î‡∏≤‡∏ß,https://www.lazada.co.th/tag/steam-game/?page=4
„Äê Game Pc „Äë‡πÄ‡∏Å‡∏°‡∏Ñ‡∏≠‡∏° ‡πÅ‡∏ö‡∏ö USB ‡πÅ‡∏ü‡∏•‡∏ä‡πÑ‡∏î‡∏£‡πå‡∏ü ‡∏™‡∏≥‡∏´‡∏£‡∏±‡∏ö Windows„Äê ‡πÄ‡∏Å‡∏° PC -  JUMP FORCE Ultimate Edition [‡∏†‡∏≤‡∏©‡∏≤‡πÑ‡∏ó‡∏¢] ‡∏≠‡∏±‡∏õ‡πÄ‡∏î‡∏ï‡∏•‡πà‡∏≤‡∏™‡∏∏‡∏î DLC ‡∏Ñ‡∏£‡∏ö „Äë‡πÅ‡∏ö‡∏ö‡∏î‡∏≤‡∏ß‡∏ô‡πå‡πÇ‡∏´‡∏•‡∏î ‡∏•‡∏¥‡∏á‡∏Å‡πå‡πÄ‡∏î‡∏µ‡∏¢‡∏ß„Äê ‡πÄ‡∏Å‡∏°‡∏Ñ‡∏≠‡∏°‡∏û‡∏¥‡∏ß‡πÄ‡∏ï‡∏≠‡∏£‡πå „Äë,https://www.lazada.co.th/tag/steam-game/?page=4
‡πÄ‡∏Å‡∏° PC PES 2013 Next Season Patch 2022 Game PC ‡∏°‡∏≤‡πÉ‡∏´‡∏°‡πà ‡πÄ‡∏Å‡∏°‡∏Ñ‡∏≠‡∏° ‡∏≠‡∏±‡∏û‡πÄ‡∏î‡∏ó‡∏•‡πà‡∏≤‡∏™‡∏∏‡∏î [‡∏£‡∏≤‡∏¢‡∏•‡∏∞‡πÄ‡∏≠‡∏µ‡∏¢‡∏î ‡∏î‡∏π ‡∏ß‡∏µ‡∏î‡∏µ‡πÇ‡∏≠ ‡∏ï‡∏±‡∏ß‡∏≠‡∏¢‡πà‡∏≤‡∏á‡∏î‡πâ‡∏≤‡∏ô‡πÉ‡∏ô],https://www.lazada.co.th/tag/steam-game/?page=4
[PC Game] ‡πÄ‡∏Å‡∏° PC ‡πÄ‡∏Å‡∏°‡∏Ñ‡∏≠‡∏° Game Battlefield: Bad Company 2,https://www.lazada.co.th/tag/steam-game/?page=4
"[PC GAME] ‡πÅ‡∏ú‡πà‡∏ô‡πÄ‡∏Å‡∏°‡∏™‡πå GTA VC , Grand Theft Auto: Vice City PC",https://www.lazada.co.th/tag/steam-game/?page=4
The Legend Of Heroes Trails From Zero „Äê Game Pc „Äë‡πÄ‡∏Å‡∏°‡∏Ñ‡∏≠‡∏° ‡πÅ‡∏ö‡∏ö USB ‡πÅ‡∏ü‡∏•‡∏ä‡πÑ‡∏î‡∏£‡πå‡∏ü ‡πÄ‡∏Å‡∏° ‡∏™‡∏≥‡∏´‡∏£‡∏±‡∏ö PC Windows ‡πÅ‡∏ö‡∏ö‡∏î‡∏≤‡∏ß‡∏ô‡πå‡πÇ‡∏´‡∏•‡∏î ‡∏•‡∏¥‡∏á‡∏Å‡πå‡πÄ‡∏î‡∏µ‡∏¢‡∏ß„Äê ‡πÄ‡∏Å‡∏°‡∏Ñ‡∏≠‡∏°‡∏û‡∏¥‡∏ß‡πÄ‡∏ï‡∏≠‡∏£‡πå „Äë,https://www.lazada.co.th/tag/steam-game/?page=4
[PC Game] ‡πÄ‡∏Å‡∏° PC ‡πÄ‡∏Å‡∏°‡∏Ñ‡∏≠‡∏° Game Battlefield Vietnam,https://www.lazada.co.th/tag/steam-game/?page=4
[PC GAME] ‡πÅ‡∏ú‡πà‡∏ô‡πÄ‡∏Å‡∏°‡∏™‡πå Days Gone PC,https://www.lazada.co.th/tag/steam-game/?page=4
‡πÄ‡∏Å‡∏°‡∏Ñ‡∏≠‡∏°‡∏û‡∏¥‡∏ß‡πÄ‡∏ï‡∏≠‡∏£‡πå ‡πÄ‡∏Å‡∏°‡∏Ñ‡∏≠‡∏° ‡πÄ‡∏Å‡∏°‡∏Ñ‡∏≠‡∏°‡∏ô‡πà‡∏≤‡πÄ‡∏•‡πà‡∏ô USB/DVD  ‡πÄ‡∏Å‡∏° USB Flashdrive / DVD‡πÄ‡∏Å‡∏° A Wife And Mother***‡πÄ‡∏•‡πà‡∏ô‡πÑ‡∏î‡πâ100%*** ‡πÄ‡∏Å‡∏°‡∏à‡∏µ‡∏ö‡∏™‡∏≤‡∏ß,https://www.lazada.co.th/tag/steam-game/?page=4
[PC GAME] ‡πÅ‡∏ú‡πà‡∏ô‡πÄ‡∏Å‡∏°‡∏™‡πå Left 4 Dead 2 [‡∏≠‡∏≠‡∏ô‡πÑ‡∏•‡∏ô‡πå‡πÑ‡∏î‡πâ] PC,https://www.lazada.co.th/tag/steam-game/?page=4
‡∏ö‡∏±‡∏ç‡∏ä‡∏µ Genshin Impact Xiao Double 5 Star ‡πÄ‡∏£‡∏¥‡πà‡∏°‡∏ï‡πâ‡∏ô‡∏ö‡∏±‡∏ç‡∏ä‡∏µ‡∏Ñ‡∏≥‡∏™‡∏±‡πà‡∏á‡∏ú‡∏™‡∏°‡πÄ‡∏ã‡∏¥‡∏£‡πå‡∏ü‡πÄ‡∏ß‡∏≠‡∏£‡πå‡πÄ‡∏≠‡πÄ‡∏ä‡∏µ‡∏¢,https://www.lazada.co.th/tag/steam-game/?page=4
‡πÄ‡∏Å‡∏°‡∏™‡πå (PC) UNCHARTED‚Ñ¢: Legacy of Thieves Collection - Hiwnon_Henshin,https://www.lazada.co.th/tag/steam-game/?page=4
[PC Game] ‡πÄ‡∏Å‡∏° PC ‡πÄ‡∏Å‡∏°‡∏Ñ‡∏≠‡∏° Game Crysis - Collection [‡∏£‡∏ß‡∏° Crysis 4 ‡∏†‡∏≤‡∏Ñ] [‡πÅ‡∏ö‡∏ö USB Flashdrive 64Gb] [‡πÑ‡∏°‡πà‡∏ï‡πâ‡∏≠‡∏á‡∏ï‡∏¥‡∏î‡∏ï‡∏±‡πâ‡∏á‡πÄ‡∏™‡∏µ‡∏¢‡∏ö‡πÅ‡∏•‡πâ‡∏ß‡πÄ‡∏•‡πà‡∏ô‡πÑ‡∏î‡πâ‡πÄ‡∏•‡∏¢] ‡πÄ‡∏Å‡∏°‡∏Ñ‡∏≠‡∏°‡∏û‡∏¥‡∏ß‡πÄ‡∏ï‡∏≠‡∏£‡πå,https://www.lazada.co.th/tag/steam-game/?page=4
Diablo II Resurrected (Game PC ) ‡πÄ‡∏Å‡∏° pc [‡πÄ‡∏Å‡∏°‡∏Ñ‡∏≠‡∏°‡∏û‡∏¥‡∏ß‡πÄ‡∏ï‡∏≠‡∏£‡πå] ‡∏ï‡∏¥‡∏î‡∏ï‡∏±‡πâ‡∏á‡∏á‡πà‡∏≤‡∏¢,https://www.lazada.co.th/tag/steam-game/?page=4
‡πÄ‡∏Å‡∏°‡∏Ñ‡∏≠‡∏°‡∏û‡∏¥‡∏ß‡πÄ‡∏ï‡∏≠‡∏£‡πå ‡πÄ‡∏Å‡∏°‡∏Ñ‡∏≠‡∏° ‡πÄ‡∏Å‡∏°‡∏Ñ‡∏≠‡∏°‡∏ô‡πà‡∏≤‡πÄ‡∏•‡πà‡∏ô ‡πÄ‡∏Å‡∏°‡πÄ‡∏£‡∏î18 PC Games USB Flashdrive DVD ‡πÄ‡∏Å‡∏° WVM **‡πÄ‡∏•‡πà‡∏ô‡πÑ‡∏î‡πâ‡πÄ‡∏•‡∏¢‡πÑ‡∏°‡πà‡∏ï‡πâ‡∏≠‡∏á‡∏ï‡∏¥‡∏î‡∏ï‡∏±‡πâ‡∏á**,https://www.lazada.co.th/tag/steam-game/?page=4
Genshin Impact Self-Rolls Reroll ‡πÄ‡∏£‡∏¥‡πà‡∏°‡∏ï‡πâ‡∏ô‡∏ö‡∏±‡∏ç‡∏ä‡∏µ12000 + Primogems Fates ‡∏ö‡∏±‡∏ç‡∏ä‡∏µ Reroll Starter ACC Asia Server ‡∏ö‡∏±‡∏ç‡∏ä‡∏µ‡∏ß‡∏≤‡∏î‡∏†‡∏≤‡∏û‡∏ï‡∏±‡∏ß‡πÄ‡∏≠‡∏á,https://www.lazada.co.th/tag/steam-game/?page=4
[PC GAME] ‡πÅ‡∏ú‡πà‡∏ô‡πÄ‡∏Å‡∏°‡∏™‡πå Battlefield 3 Premium Edition [‡∏≠‡∏≠‡∏ô‡πÑ‡∏•‡∏ô‡πå‡πÑ‡∏î‡πâ] PC,https://www.lazada.co.th/tag/steam-game/?page=4
[‡πÅ‡∏ü‡∏•‡∏ä‡πÑ‡∏î‡∏£‡πå‡∏ü] The Sims 4 ‡∏£‡∏ß‡∏°‡∏ó‡∏∏‡∏Å‡∏†‡∏≤‡∏Ñ 56 in 1 ‡∏†‡∏≤‡∏©‡∏≤‡πÑ‡∏ó‡∏¢ [PC/MAC],https://www.lazada.co.th/tag/steam-game/?page=4
Game House Pocket Game ‡∏£‡∏ß‡∏° 160 ‡πÄ‡∏Å‡∏°‡∏™‡πå (‡∏û‡∏£‡πâ‡∏≠‡∏°‡∏£‡∏´‡∏±‡∏™ ‡πÄ‡∏•‡πà‡∏ô‡πÑ‡∏î‡πâ‡∏ï‡∏•‡∏≠‡∏î) ‡πÅ‡∏ú‡πà‡∏ô‡πÄ‡∏Å‡∏°‡∏™‡πå ‡πÅ‡∏ü‡∏•‡∏ä‡πÑ‡∏î‡∏£‡πå‡∏ü ‡πÄ‡∏Å‡∏°‡∏™‡πå‡∏Ñ‡∏≠‡∏°‡∏û‡∏¥‡∏ß‡πÄ‡∏ï‡∏≠‡∏£‡πå  PC ‡πÇ‡∏ô‡πä‡∏ï‡∏ö‡∏∏‡πä‡∏Ñ,https://www.lazada.co.th/tag/steam-game/?page=4
[PC Game] ‡πÄ‡∏Å‡∏° PC ‡πÄ‡∏Å‡∏°‡∏Ñ‡∏≠‡∏° Game Call of Duty Modern Warfare Remastered,https://www.lazada.co.th/tag/steam-game/?page=4
[PC GAME] ‡πÅ‡∏ú‡πà‡∏ô‡πÄ‡∏Å‡∏°‡∏™‡πå Minecraft:Story Mode - A Telltale Games Series PC,https://www.lazada.co.th/tag/steam-game/?page=4
Lazada Logistics,https://www.lazada.co.th/tag/steam-game/?page=4
FLASH,https://www.lazada.co.th/tag/steam-game/?page=4
Kerry,https://www.lazada.co.th/tag/steam-game/?page=4
ninjiavan,https://www.lazada.co.th/tag/steam-game/?page=4
Best,https://www.lazada.co.th/tag/steam-game/?page=4
TH Post,https://www.lazada.co.th/tag/steam-game/?page=4
TP,https://www.lazada.co.th/tag/steam-game/?page=4
GIZTIX,https://www.lazada.co.th/tag/steam-game/?page=4
NIM Express,https://www.lazada.co.th/tag/steam-game/?page=4
ISO,https://www.lazada.co.th/tag/steam-game/?page=4
PCI DSS,https://www.lazada.co.th/tag/steam-game/?page=4
,https://www.lazada.co.th/tag/steam-game/?page=5
‡πÇ‡∏•‡πÇ‡∏Å‡πâ ‡∏•‡∏≤‡∏ã‡∏≤‡∏î‡πâ‡∏≤ ‡∏ä‡πâ‡∏≠‡∏õ‡∏≠‡∏≠‡∏ô‡πÑ‡∏•‡∏ô‡πå,https://www.lazada.co.th/tag/steam-game/?page=5
‡∏û‡∏¥‡πÄ‡∏®‡∏©‡∏™‡∏≥‡∏´‡∏£‡∏±‡∏ö‡∏•‡∏π‡∏Å‡∏Ñ‡πâ‡∏≤‡πÉ‡∏´‡∏°‡πà,https://www.lazada.co.th/tag/steam-game/?page=5
[PC Game] ‡πÄ‡∏Å‡∏° PC ‡πÄ‡∏Å‡∏°‡∏Ñ‡∏≠‡∏° Game  The Amazing Spider Man 2 [DLC ‡∏Ñ‡∏£‡∏ö],https://www.lazada.co.th/tag/steam-game/?page=5
„Äê Game Pc „Äë‡πÄ‡∏Å‡∏°‡∏Ñ‡∏≠‡∏° ‡πÅ‡∏ö‡∏ö USB Game ‡πÅ‡∏ü‡∏•‡∏ä‡πÑ‡∏î‡∏£‡πå‡∏ü ‡∏™‡∏≥‡∏´‡∏£‡∏±‡∏ö Windows„Äê ‡πÄ‡∏Å‡∏° PC -  Medal of Honor Limited Edition „Äë‡πÅ‡∏ö‡∏ö‡∏î‡∏≤‡∏ß‡∏ô‡πå‡πÇ‡∏´‡∏•‡∏î ‡∏•‡∏¥‡∏á‡∏Å‡πå‡πÄ‡∏î‡∏µ‡∏¢‡∏ß„Äê ‡πÄ‡∏Å‡∏°‡∏Ñ‡∏≠‡∏°‡∏û‡∏¥‡∏ß‡πÄ‡∏ï‡∏≠‡∏£‡πå „Äë,https://www.lazada.co.th/tag/steam-game/?page=5
[PC Game] ‡πÄ‡∏Å‡∏° PC ‡πÄ‡∏Å‡∏°‡∏Ñ‡∏≠‡∏° Game Medal of Honor Air Borne ‡πÄ‡∏Å‡∏°‡∏Ñ‡∏≠‡∏°‡∏û‡∏¥‡∏ß‡πÄ‡∏ï‡∏≠‡∏£‡πå,https://www.lazada.co.th/tag/steam-game/?page=5
PC Game Battle Realms + Winter of the Wolf,https://www.lazada.co.th/tag/steam-game/?page=5
[PC Game] ‡πÄ‡∏Å‡∏° PC ‡πÄ‡∏Å‡∏°‡∏Ñ‡∏≠‡∏° Game  Play Home - All In One [*‡∏™‡∏≤‡∏£‡∏∞‡∏Ñ‡∏£‡∏±‡∏ö* ‡∏†‡∏≤‡∏©‡∏≤‡πÉ‡∏ô‡πÄ‡∏Å‡∏°‡πÄ‡∏õ‡πá‡∏ô‡∏†‡∏≤‡∏©‡∏≤‡∏≠‡∏±‡∏á‡∏Å‡∏§‡∏©‡∏ô‡∏∞‡∏Ñ‡∏£‡∏±‡∏ö]  - ‡πÄ‡∏Å‡∏°‡∏Ñ‡∏≠‡∏°‡∏û‡∏¥‡∏ß‡πÄ‡∏ï‡∏≠‡∏£‡πå,https://www.lazada.co.th/tag/steam-game/?page=5
[PC GAME] ‡πÅ‡∏ú‡πà‡∏ô‡πÄ‡∏Å‡∏°‡∏™‡πå Game House MAX PC,https://www.lazada.co.th/tag/steam-game/?page=5
[PC Game] ‡πÄ‡∏Å‡∏° PC ‡πÄ‡∏Å‡∏°‡∏Ñ‡∏≠‡∏° Game ANNO 1800 COMPLETE EDITION [‡πÄ‡∏û‡∏¥‡πà‡∏° 10 DLC] - ‡πÄ‡∏Å‡∏°‡∏Ñ‡∏≠‡∏°‡∏û‡∏¥‡∏ß‡πÄ‡∏ï‡∏≠‡∏£‡πå,https://www.lazada.co.th/tag/steam-game/?page=5
[PC Game] ‡πÄ‡∏Å‡∏° PC ‡πÄ‡∏Å‡∏°‡∏Ñ‡∏≠‡∏° Game Need For Speed Most Wanted 2012,https://www.lazada.co.th/tag/steam-game/?page=5
‡πÄ‡∏Å‡∏°‡∏ó‡πç‡∏≤‡∏ü‡∏≤‡∏£‡πå‡∏° Doraemon Story of Seasons ‡∏†‡∏≤‡∏©‡∏≤‡πÑ‡∏ó‡∏¢ [‡∏î‡∏≤‡∏ß‡∏ô‡πå‡πÇ‡∏´‡∏•‡∏î] [PC],https://www.lazada.co.th/tag/steam-game/?page=5
[PC GAME] ‡πÅ‡∏ú‡πà‡∏ô‡πÄ‡∏Å‡∏°‡∏™‡πå Resident Evil 2 Remake Deluxe Edition [‡∏†‡∏≤‡∏©‡∏≤‡πÑ‡∏ó‡∏¢] PC,https://www.lazada.co.th/tag/steam-game/?page=5
[PC Game] ‡πÄ‡∏Å‡∏° PC ‡πÄ‡∏Å‡∏°‡∏Ñ‡∏≠‡∏° Game Sniper Ghost Warrior Contracts ‡πÄ‡∏Å‡∏°‡∏Ñ‡∏≠‡∏°‡∏û‡∏¥‡∏ß‡πÄ‡∏ï‡∏≠‡∏£‡πå,https://www.lazada.co.th/tag/steam-game/?page=5
[PC Game] ‡πÄ‡∏Å‡∏° PC ‡πÄ‡∏Å‡∏°‡∏Ñ‡∏≠‡∏° Game Far Cry Primal - Apex Edition,https://www.lazada.co.th/tag/steam-game/?page=5
Genshin ‡∏≠‡∏¥‡∏°‡πÅ‡∏û‡∏Ñ Childe Double 5 Star Start Combo Account ASIA Server |,https://www.lazada.co.th/tag/steam-game/?page=5
Stray ‡πÄ‡∏Å‡∏°‡∏ú‡∏à‡∏ç‡∏†‡∏±‡∏¢‡∏Å‡∏±‡∏ö‡∏ô‡πâ‡∏≠‡∏á‡πÅ‡∏°‡∏ß‡πÄ‡∏´‡∏°‡∏µ‡∏¢‡∏ß ‡∏†‡∏≤‡∏©‡∏≤‡πÑ‡∏ó‡∏¢ [‡∏î‡∏≤‡∏ß‡∏ô‡πå‡πÇ‡∏´‡∏•‡∏î] [‡πÅ‡∏ü‡∏•‡∏ä‡πÑ‡∏î‡∏£‡πå‡∏ü] [PC],https://www.lazada.co.th/tag/steam-game/?page=5
‡∏ö‡∏±‡∏ç‡∏ä‡∏µ‡∏°‡πâ‡∏ß‡∏ô‡∏ú‡∏•‡∏Å‡∏£‡∏∞‡∏ó‡∏ö Genshin | ‡∏ö‡∏±‡∏ç‡∏ä‡∏µ Self-Rolls | ‡∏ö‡∏±‡∏ç‡∏ä‡∏µ‡πÄ‡∏£‡∏¥‡πà‡∏°‡∏ï‡πâ‡∏ô | 75-80‡∏°‡πâ‡∏ß‡∏ô‡πÄ‡∏≠‡πÄ‡∏ä‡∏µ‡∏¢,https://www.lazada.co.th/tag/steam-game/?page=5
[PC GAME] ‡πÅ‡∏ú‡πà‡∏ô‡πÄ‡∏Å‡∏°‡∏™‡πå JUMP FORCE Ultimate Edition PC [‡∏†‡∏≤‡∏©‡∏≤‡πÑ‡∏ó‡∏¢],https://www.lazada.co.th/tag/steam-game/?page=5
Far Cry 6 Ultimate Edition ‡∏†‡∏≤‡∏©‡∏≤‡πÑ‡∏ó‡∏¢ - ‡πÄ‡∏Å‡∏° pc ‡∏™‡∏≥‡∏´‡∏£‡∏±‡∏ö windows game ‡πÅ‡∏ö‡∏ö DVD USB Flash drive ‡πÅ‡∏•‡∏∞‡∏î‡∏≤‡∏ß‡∏ô‡πå‡πÇ‡∏´‡∏•‡∏î‡πÑ‡∏ü‡∏•‡πå ‡∏ï‡∏¥‡∏î‡∏ï‡∏±‡πâ‡∏á‡∏á‡πà‡∏≤‡∏¢ ‡∏î‡πâ‡∏ß‡∏¢‡∏£‡∏∞‡∏ö‡∏ö Autorun install - ‡πÄ‡∏Å‡∏°‡∏Ñ‡∏≠‡∏°‡∏û‡∏¥‡∏ß‡πÄ‡∏ï‡∏≠‡∏£‡πå,https://www.lazada.co.th/tag/steam-game/?page=5
(‡πÄ‡∏Å‡∏°‡∏™‡πå PC) Terraria - Hiwnon_Henshin,https://www.lazada.co.th/tag/steam-game/?page=5
[PC GAME] ‡πÅ‡∏ú‡πà‡∏ô‡πÄ‡∏Å‡∏°‡∏™‡πå Planet Zoo: Deluxe Edition PC,https://www.lazada.co.th/tag/steam-game/?page=5
Zhongli ‡∏ö‡∏±‡∏ç‡∏ä‡∏µ AR38 Engineserver Genshin Impact Primogems Zhongli + 160 Rolls + ‡∏ö‡∏±‡∏ç‡∏ä‡∏µ Farmed ‡∏™‡∏∏‡πà‡∏°5‡∏î‡∏≤‡∏ß,https://www.lazada.co.th/tag/steam-game/?page=5
„Äê Game Pc „Äë‡πÄ‡∏Å‡∏°‡∏Ñ‡∏≠‡∏° ‡πÅ‡∏ö‡∏ö USB ‡πÅ‡∏ü‡∏•‡∏ä‡πÑ‡∏î‡∏£‡πå‡∏ü ‡∏™‡∏≥‡∏´‡∏£‡∏±‡∏ö Windows„Äê ‡πÄ‡∏Å‡∏° PC -  JUMP FORCE Ultimate Edition [‡∏†‡∏≤‡∏©‡∏≤‡πÑ‡∏ó‡∏¢] ‡∏≠‡∏±‡∏õ‡πÄ‡∏î‡∏ï‡∏•‡πà‡∏≤‡∏™‡∏∏‡∏î DLC ‡∏Ñ‡∏£‡∏ö „Äë‡πÅ‡∏ö‡∏ö‡∏î‡∏≤‡∏ß‡∏ô‡πå‡πÇ‡∏´‡∏•‡∏î ‡∏•‡∏¥‡∏á‡∏Å‡πå‡πÄ‡∏î‡∏µ‡∏¢‡∏ß„Äê ‡πÄ‡∏Å‡∏°‡∏Ñ‡∏≠‡∏°‡∏û‡∏¥‡∏ß‡πÄ‡∏ï‡∏≠‡∏£‡πå „Äë,https://www.lazada.co.th/tag/steam-game/?page=5
‡πÄ‡∏Å‡∏° PC PES 2013 Next Season Patch 2022 Game PC ‡∏°‡∏≤‡πÉ‡∏´‡∏°‡πà ‡πÄ‡∏Å‡∏°‡∏Ñ‡∏≠‡∏° ‡∏≠‡∏±‡∏û‡πÄ‡∏î‡∏ó‡∏•‡πà‡∏≤‡∏™‡∏∏‡∏î [‡∏£‡∏≤‡∏¢‡∏•‡∏∞‡πÄ‡∏≠‡∏µ‡∏¢‡∏î ‡∏î‡∏π ‡∏ß‡∏µ‡∏î‡∏µ‡πÇ‡∏≠ ‡∏ï‡∏±‡∏ß‡∏≠‡∏¢‡πà‡∏≤‡∏á‡∏î‡πâ‡∏≤‡∏ô‡πÉ‡∏ô],https://www.lazada.co.th/tag/steam-game/?page=5
[PC Game] ‡πÄ‡∏Å‡∏° PC ‡πÄ‡∏Å‡∏°‡∏Ñ‡∏≠‡∏° Game Battlefield: Bad Company 2,https://www.lazada.co.th/tag/steam-game/?page=5
"[PC GAME] ‡πÅ‡∏ú‡πà‡∏ô‡πÄ‡∏Å‡∏°‡∏™‡πå GTA VC , Grand Theft Auto: Vice City PC",https://www.lazada.co.th/tag/steam-game/?page=5
The Legend Of Heroes Trails From Zero „Äê Game Pc „Äë‡πÄ‡∏Å‡∏°‡∏Ñ‡∏≠‡∏° ‡πÅ‡∏ö‡∏ö USB ‡πÅ‡∏ü‡∏•‡∏ä‡πÑ‡∏î‡∏£‡πå‡∏ü ‡πÄ‡∏Å‡∏° ‡∏™‡∏≥‡∏´‡∏£‡∏±‡∏ö PC Windows ‡πÅ‡∏ö‡∏ö‡∏î‡∏≤‡∏ß‡∏ô‡πå‡πÇ‡∏´‡∏•‡∏î ‡∏•‡∏¥‡∏á‡∏Å‡πå‡πÄ‡∏î‡∏µ‡∏¢‡∏ß„Äê ‡πÄ‡∏Å‡∏°‡∏Ñ‡∏≠‡∏°‡∏û‡∏¥‡∏ß‡πÄ‡∏ï‡∏≠‡∏£‡πå „Äë,https://www.lazada.co.th/tag/steam-game/?page=5
[PC Game] ‡πÄ‡∏Å‡∏° PC ‡πÄ‡∏Å‡∏°‡∏Ñ‡∏≠‡∏° Game Battlefield Vietnam,https://www.lazada.co.th/tag/steam-game/?page=5
[PC GAME] ‡πÅ‡∏ú‡πà‡∏ô‡πÄ‡∏Å‡∏°‡∏™‡πå Days Gone PC,https://www.lazada.co.th/tag/steam-game/?page=5
‡πÄ‡∏Å‡∏°‡∏Ñ‡∏≠‡∏°‡∏û‡∏¥‡∏ß‡πÄ‡∏ï‡∏≠‡∏£‡πå ‡πÄ‡∏Å‡∏°‡∏Ñ‡∏≠‡∏° ‡πÄ‡∏Å‡∏°‡∏Ñ‡∏≠‡∏°‡∏ô‡πà‡∏≤‡πÄ‡∏•‡πà‡∏ô USB/DVD  ‡πÄ‡∏Å‡∏° USB Flashdrive / DVD‡πÄ‡∏Å‡∏° A Wife And Mother***‡πÄ‡∏•‡πà‡∏ô‡πÑ‡∏î‡πâ100%*** ‡πÄ‡∏Å‡∏°‡∏à‡∏µ‡∏ö‡∏™‡∏≤‡∏ß,https://www.lazada.co.th/tag/steam-game/?page=5
[PC GAME] ‡πÅ‡∏ú‡πà‡∏ô‡πÄ‡∏Å‡∏°‡∏™‡πå Left 4 Dead 2 [‡∏≠‡∏≠‡∏ô‡πÑ‡∏•‡∏ô‡πå‡πÑ‡∏î‡πâ] PC,https://www.lazada.co.th/tag/steam-game/?page=5
‡∏ö‡∏±‡∏ç‡∏ä‡∏µ Genshin Impact Xiao Double 5 Star ‡πÄ‡∏£‡∏¥‡πà‡∏°‡∏ï‡πâ‡∏ô‡∏ö‡∏±‡∏ç‡∏ä‡∏µ‡∏Ñ‡∏≥‡∏™‡∏±‡πà‡∏á‡∏ú‡∏™‡∏°‡πÄ‡∏ã‡∏¥‡∏£‡πå‡∏ü‡πÄ‡∏ß‡∏≠‡∏£‡πå‡πÄ‡∏≠‡πÄ‡∏ä‡∏µ‡∏¢,https://www.lazada.co.th/tag/steam-game/?page=5
‡πÄ‡∏Å‡∏°‡∏™‡πå (PC) UNCHARTED‚Ñ¢: Legacy of Thieves Collection - Hiwnon_Henshin,https://www.lazada.co.th/tag/steam-game/?page=5
[PC Game] ‡πÄ‡∏Å‡∏° PC ‡πÄ‡∏Å‡∏°‡∏Ñ‡∏≠‡∏° Game Crysis - Collection [‡∏£‡∏ß‡∏° Crysis 4 ‡∏†‡∏≤‡∏Ñ] [‡πÅ‡∏ö‡∏ö USB Flashdrive 64Gb] [‡πÑ‡∏°‡πà‡∏ï‡πâ‡∏≠‡∏á‡∏ï‡∏¥‡∏î‡∏ï‡∏±‡πâ‡∏á‡πÄ‡∏™‡∏µ‡∏¢‡∏ö‡πÅ‡∏•‡πâ‡∏ß‡πÄ‡∏•‡πà‡∏ô‡πÑ‡∏î‡πâ‡πÄ‡∏•‡∏¢] ‡πÄ‡∏Å‡∏°‡∏Ñ‡∏≠‡∏°‡∏û‡∏¥‡∏ß‡πÄ‡∏ï‡∏≠‡∏£‡πå,https://www.lazada.co.th/tag/steam-game/?page=5
Diablo II Resurrected (Game PC ) ‡πÄ‡∏Å‡∏° pc [‡πÄ‡∏Å‡∏°‡∏Ñ‡∏≠‡∏°‡∏û‡∏¥‡∏ß‡πÄ‡∏ï‡∏≠‡∏£‡πå] ‡∏ï‡∏¥‡∏î‡∏ï‡∏±‡πâ‡∏á‡∏á‡πà‡∏≤‡∏¢,https://www.lazada.co.th/tag/steam-game/?page=5
‡πÄ‡∏Å‡∏°‡∏Ñ‡∏≠‡∏°‡∏û‡∏¥‡∏ß‡πÄ‡∏ï‡∏≠‡∏£‡πå ‡πÄ‡∏Å‡∏°‡∏Ñ‡∏≠‡∏° ‡πÄ‡∏Å‡∏°‡∏Ñ‡∏≠‡∏°‡∏ô‡πà‡∏≤‡πÄ‡∏•‡πà‡∏ô ‡πÄ‡∏Å‡∏°‡πÄ‡∏£‡∏î18 PC Games USB Flashdrive DVD ‡πÄ‡∏Å‡∏° WVM **‡πÄ‡∏•‡πà‡∏ô‡πÑ‡∏î‡πâ‡πÄ‡∏•‡∏¢‡πÑ‡∏°‡πà‡∏ï‡πâ‡∏≠‡∏á‡∏ï‡∏¥‡∏î‡∏ï‡∏±‡πâ‡∏á**,https://www.lazada.co.th/tag/steam-game/?page=5
Genshin Impact Self-Rolls Reroll ‡πÄ‡∏£‡∏¥‡πà‡∏°‡∏ï‡πâ‡∏ô‡∏ö‡∏±‡∏ç‡∏ä‡∏µ12000 + Primogems Fates ‡∏ö‡∏±‡∏ç‡∏ä‡∏µ Reroll Starter ACC Asia Server ‡∏ö‡∏±‡∏ç‡∏ä‡∏µ‡∏ß‡∏≤‡∏î‡∏†‡∏≤‡∏û‡∏ï‡∏±‡∏ß‡πÄ‡∏≠‡∏á,https://www.lazada.co.th/tag/steam-game/?page=5
[PC GAME] ‡πÅ‡∏ú‡πà‡∏ô‡πÄ‡∏Å‡∏°‡∏™‡πå Battlefield 3 Premium Edition [‡∏≠‡∏≠‡∏ô‡πÑ‡∏•‡∏ô‡πå‡πÑ‡∏î‡πâ] PC,https://www.lazada.co.th/tag/steam-game/?page=5
[‡πÅ‡∏ü‡∏•‡∏ä‡πÑ‡∏î‡∏£‡πå‡∏ü] The Sims 4 ‡∏£‡∏ß‡∏°‡∏ó‡∏∏‡∏Å‡∏†‡∏≤‡∏Ñ 56 in 1 ‡∏†‡∏≤‡∏©‡∏≤‡πÑ‡∏ó‡∏¢ [PC/MAC],https://www.lazada.co.th/tag/steam-game/?page=5
Game House Pocket Game ‡∏£‡∏ß‡∏° 160 ‡πÄ‡∏Å‡∏°‡∏™‡πå (‡∏û‡∏£‡πâ‡∏≠‡∏°‡∏£‡∏´‡∏±‡∏™ ‡πÄ‡∏•‡πà‡∏ô‡πÑ‡∏î‡πâ‡∏ï‡∏•‡∏≠‡∏î) ‡πÅ‡∏ú‡πà‡∏ô‡πÄ‡∏Å‡∏°‡∏™‡πå ‡πÅ‡∏ü‡∏•‡∏ä‡πÑ‡∏î‡∏£‡πå‡∏ü ‡πÄ‡∏Å‡∏°‡∏™‡πå‡∏Ñ‡∏≠‡∏°‡∏û‡∏¥‡∏ß‡πÄ‡∏ï‡∏≠‡∏£‡πå  PC ‡πÇ‡∏ô‡πä‡∏ï‡∏ö‡∏∏‡πä‡∏Ñ,https://www.lazada.co.th/tag/steam-game/?page=5
[PC Game] ‡πÄ‡∏Å‡∏° PC ‡πÄ‡∏Å‡∏°‡∏Ñ‡∏≠‡∏° Game Call of Duty Modern Warfare Remastered,https://www.lazada.co.th/tag/steam-game/?page=5
[PC GAME] ‡πÅ‡∏ú‡πà‡∏ô‡πÄ‡∏Å‡∏°‡∏™‡πå Minecraft:Story Mode - A Telltale Games Series PC,https://www.lazada.co.th/tag/steam-game/?page=5
Lazada Logistics,https://www.lazada.co.th/tag/steam-game/?page=5
FLASH,https://www.lazada.co.th/tag/steam-game/?page=5
Kerry,https://www.lazada.co.th/tag/steam-game/?page=5
ninjiavan,https://www.lazada.co.th/tag/steam-game/?page=5
Best,https://www.lazada.co.th/tag/steam-game/?page=5
TH Post,https://www.lazada.co.th/tag/steam-game/?page=5
TP,https://www.lazada.co.th/tag/steam-game/?page=5
GIZTIX,https://www.lazada.co.th/tag/steam-game/?page=5
NIM Express,https://www.lazada.co.th/tag/steam-game/?page=5
ISO,https://www.lazada.co.th/tag/steam-game/?page=5
PCI DSS,https://www.lazada.co.th/tag/steam-game/?page=5
,https://www.lazada.co.th/tag/steam-game/?page=6
‡πÇ‡∏•‡πÇ‡∏Å‡πâ ‡∏•‡∏≤‡∏ã‡∏≤‡∏î‡πâ‡∏≤ ‡∏ä‡πâ‡∏≠‡∏õ‡∏≠‡∏≠‡∏ô‡πÑ‡∏•‡∏ô‡πå,https://www.lazada.co.th/tag/steam-game/?page=6
‡∏û‡∏¥‡πÄ‡∏®‡∏©‡∏™‡∏≥‡∏´‡∏£‡∏±‡∏ö‡∏•‡∏π‡∏Å‡∏Ñ‡πâ‡∏≤‡πÉ‡∏´‡∏°‡πà,https://www.lazada.co.th/tag/steam-game/?page=6
[PC Game] ‡πÄ‡∏Å‡∏° PC ‡πÄ‡∏Å‡∏°‡∏Ñ‡∏≠‡∏° Game  The Amazing Spider Man 2 [DLC ‡∏Ñ‡∏£‡∏ö],https://www.lazada.co.th/tag/steam-game/?page=6
„Äê Game Pc „Äë‡πÄ‡∏Å‡∏°‡∏Ñ‡∏≠‡∏° ‡πÅ‡∏ö‡∏ö USB Game ‡πÅ‡∏ü‡∏•‡∏ä‡πÑ‡∏î‡∏£‡πå‡∏ü ‡∏™‡∏≥‡∏´‡∏£‡∏±‡∏ö Windows„Äê ‡πÄ‡∏Å‡∏° PC -  Medal of Honor Limited Edition „Äë‡πÅ‡∏ö‡∏ö‡∏î‡∏≤‡∏ß‡∏ô‡πå‡πÇ‡∏´‡∏•‡∏î ‡∏•‡∏¥‡∏á‡∏Å‡πå‡πÄ‡∏î‡∏µ‡∏¢‡∏ß„Äê ‡πÄ‡∏Å‡∏°‡∏Ñ‡∏≠‡∏°‡∏û‡∏¥‡∏ß‡πÄ‡∏ï‡∏≠‡∏£‡πå „Äë,https://www.lazada.co.th/tag/steam-game/?page=6
[PC Game] ‡πÄ‡∏Å‡∏° PC ‡πÄ‡∏Å‡∏°‡∏Ñ‡∏≠‡∏° Game Medal of Honor Air Borne ‡πÄ‡∏Å‡∏°‡∏Ñ‡∏≠‡∏°‡∏û‡∏¥‡∏ß‡πÄ‡∏ï‡∏≠‡∏£‡πå,https://www.lazada.co.th/tag/steam-game/?page=6
PC Game Battle Realms + Winter of the Wolf,https://www.lazada.co.th/tag/steam-game/?page=6
[PC Game] ‡πÄ‡∏Å‡∏° PC ‡πÄ‡∏Å‡∏°‡∏Ñ‡∏≠‡∏° Game  Play Home - All In One [*‡∏™‡∏≤‡∏£‡∏∞‡∏Ñ‡∏£‡∏±‡∏ö* ‡∏†‡∏≤‡∏©‡∏≤‡πÉ‡∏ô‡πÄ‡∏Å‡∏°‡πÄ‡∏õ‡πá‡∏ô‡∏†‡∏≤‡∏©‡∏≤‡∏≠‡∏±‡∏á‡∏Å‡∏§‡∏©‡∏ô‡∏∞‡∏Ñ‡∏£‡∏±‡∏ö]  - ‡πÄ‡∏Å‡∏°‡∏Ñ‡∏≠‡∏°‡∏û‡∏¥‡∏ß‡πÄ‡∏ï‡∏≠‡∏£‡πå,https://www.lazada.co.th/tag/steam-game/?page=6
[PC GAME] ‡πÅ‡∏ú‡πà‡∏ô‡πÄ‡∏Å‡∏°‡∏™‡πå Game House MAX PC,https://www.lazada.co.th/tag/steam-game/?page=6
[PC Game] ‡πÄ‡∏Å‡∏° PC ‡πÄ‡∏Å‡∏°‡∏Ñ‡∏≠‡∏° Game ANNO 1800 COMPLETE EDITION [‡πÄ‡∏û‡∏¥‡πà‡∏° 10 DLC] - ‡πÄ‡∏Å‡∏°‡∏Ñ‡∏≠‡∏°‡∏û‡∏¥‡∏ß‡πÄ‡∏ï‡∏≠‡∏£‡πå,https://www.lazada.co.th/tag/steam-game/?page=6
[PC Game] ‡πÄ‡∏Å‡∏° PC ‡πÄ‡∏Å‡∏°‡∏Ñ‡∏≠‡∏° Game Need For Speed Most Wanted 2012,https://www.lazada.co.th/tag/steam-game/?page=6
‡πÄ‡∏Å‡∏°‡∏ó‡πç‡∏≤‡∏ü‡∏≤‡∏£‡πå‡∏° Doraemon Story of Seasons ‡∏†‡∏≤‡∏©‡∏≤‡πÑ‡∏ó‡∏¢ [‡∏î‡∏≤‡∏ß‡∏ô‡πå‡πÇ‡∏´‡∏•‡∏î] [PC],https://www.lazada.co.th/tag/steam-game/?page=6
[PC GAME] ‡πÅ‡∏ú‡πà‡∏ô‡πÄ‡∏Å‡∏°‡∏™‡πå Resident Evil 2 Remake Deluxe Edition [‡∏†‡∏≤‡∏©‡∏≤‡πÑ‡∏ó‡∏¢] PC,https://www.lazada.co.th/tag/steam-game/?page=6
[PC Game] ‡πÄ‡∏Å‡∏° PC ‡πÄ‡∏Å‡∏°‡∏Ñ‡∏≠‡∏° Game Sniper Ghost Warrior Contracts ‡πÄ‡∏Å‡∏°‡∏Ñ‡∏≠‡∏°‡∏û‡∏¥‡∏ß‡πÄ‡∏ï‡∏≠‡∏£‡πå,https://www.lazada.co.th/tag/steam-game/?page=6
[PC Game] ‡πÄ‡∏Å‡∏° PC ‡πÄ‡∏Å‡∏°‡∏Ñ‡∏≠‡∏° Game Far Cry Primal - Apex Edition,https://www.lazada.co.th/tag/steam-game/?page=6
Genshin ‡∏≠‡∏¥‡∏°‡πÅ‡∏û‡∏Ñ Childe Double 5 Star Start Combo Account ASIA Server |,https://www.lazada.co.th/tag/steam-game/?page=6
Stray ‡πÄ‡∏Å‡∏°‡∏ú‡∏à‡∏ç‡∏†‡∏±‡∏¢‡∏Å‡∏±‡∏ö‡∏ô‡πâ‡∏≠‡∏á‡πÅ‡∏°‡∏ß‡πÄ‡∏´‡∏°‡∏µ‡∏¢‡∏ß ‡∏†‡∏≤‡∏©‡∏≤‡πÑ‡∏ó‡∏¢ [‡∏î‡∏≤‡∏ß‡∏ô‡πå‡πÇ‡∏´‡∏•‡∏î] [‡πÅ‡∏ü‡∏•‡∏ä‡πÑ‡∏î‡∏£‡πå‡∏ü] [PC],https://www.lazada.co.th/tag/steam-game/?page=6
‡∏ö‡∏±‡∏ç‡∏ä‡∏µ‡∏°‡πâ‡∏ß‡∏ô‡∏ú‡∏•‡∏Å‡∏£‡∏∞‡∏ó‡∏ö Genshin | ‡∏ö‡∏±‡∏ç‡∏ä‡∏µ Self-Rolls | ‡∏ö‡∏±‡∏ç‡∏ä‡∏µ‡πÄ‡∏£‡∏¥‡πà‡∏°‡∏ï‡πâ‡∏ô | 75-80‡∏°‡πâ‡∏ß‡∏ô‡πÄ‡∏≠‡πÄ‡∏ä‡∏µ‡∏¢,https://www.lazada.co.th/tag/steam-game/?page=6
[PC GAME] ‡πÅ‡∏ú‡πà‡∏ô‡πÄ‡∏Å‡∏°‡∏™‡πå JUMP FORCE Ultimate Edition PC [‡∏†‡∏≤‡∏©‡∏≤‡πÑ‡∏ó‡∏¢],https://www.lazada.co.th/tag/steam-game/?page=6
Far Cry 6 Ultimate Edition ‡∏†‡∏≤‡∏©‡∏≤‡πÑ‡∏ó‡∏¢ - ‡πÄ‡∏Å‡∏° pc ‡∏™‡∏≥‡∏´‡∏£‡∏±‡∏ö windows game ‡πÅ‡∏ö‡∏ö DVD USB Flash drive ‡πÅ‡∏•‡∏∞‡∏î‡∏≤‡∏ß‡∏ô‡πå‡πÇ‡∏´‡∏•‡∏î‡πÑ‡∏ü‡∏•‡πå ‡∏ï‡∏¥‡∏î‡∏ï‡∏±‡πâ‡∏á‡∏á‡πà‡∏≤‡∏¢ ‡∏î‡πâ‡∏ß‡∏¢‡∏£‡∏∞‡∏ö‡∏ö Autorun install - ‡πÄ‡∏Å‡∏°‡∏Ñ‡∏≠‡∏°‡∏û‡∏¥‡∏ß‡πÄ‡∏ï‡∏≠‡∏£‡πå,https://www.lazada.co.th/tag/steam-game/?page=6
(‡πÄ‡∏Å‡∏°‡∏™‡πå PC) Terraria - Hiwnon_Henshin,https://www.lazada.co.th/tag/steam-game/?page=6
[PC GAME] ‡πÅ‡∏ú‡πà‡∏ô‡πÄ‡∏Å‡∏°‡∏™‡πå Planet Zoo: Deluxe Edition PC,https://www.lazada.co.th/tag/steam-game/?page=6
Zhongli ‡∏ö‡∏±‡∏ç‡∏ä‡∏µ AR38 Engineserver Genshin Impact Primogems Zhongli + 160 Rolls + ‡∏ö‡∏±‡∏ç‡∏ä‡∏µ Farmed ‡∏™‡∏∏‡πà‡∏°5‡∏î‡∏≤‡∏ß,https://www.lazada.co.th/tag/steam-game/?page=6
„Äê Game Pc „Äë‡πÄ‡∏Å‡∏°‡∏Ñ‡∏≠‡∏° ‡πÅ‡∏ö‡∏ö USB ‡πÅ‡∏ü‡∏•‡∏ä‡πÑ‡∏î‡∏£‡πå‡∏ü ‡∏™‡∏≥‡∏´‡∏£‡∏±‡∏ö Windows„Äê ‡πÄ‡∏Å‡∏° PC -  JUMP FORCE Ultimate Edition [‡∏†‡∏≤‡∏©‡∏≤‡πÑ‡∏ó‡∏¢] ‡∏≠‡∏±‡∏õ‡πÄ‡∏î‡∏ï‡∏•‡πà‡∏≤‡∏™‡∏∏‡∏î DLC ‡∏Ñ‡∏£‡∏ö „Äë‡πÅ‡∏ö‡∏ö‡∏î‡∏≤‡∏ß‡∏ô‡πå‡πÇ‡∏´‡∏•‡∏î ‡∏•‡∏¥‡∏á‡∏Å‡πå‡πÄ‡∏î‡∏µ‡∏¢‡∏ß„Äê ‡πÄ‡∏Å‡∏°‡∏Ñ‡∏≠‡∏°‡∏û‡∏¥‡∏ß‡πÄ‡∏ï‡∏≠‡∏£‡πå „Äë,https://www.lazada.co.th/tag/steam-game/?page=6
‡πÄ‡∏Å‡∏° PC PES 2013 Next Season Patch 2022 Game PC ‡∏°‡∏≤‡πÉ‡∏´‡∏°‡πà ‡πÄ‡∏Å‡∏°‡∏Ñ‡∏≠‡∏° ‡∏≠‡∏±‡∏û‡πÄ‡∏î‡∏ó‡∏•‡πà‡∏≤‡∏™‡∏∏‡∏î [‡∏£‡∏≤‡∏¢‡∏•‡∏∞‡πÄ‡∏≠‡∏µ‡∏¢‡∏î ‡∏î‡∏π ‡∏ß‡∏µ‡∏î‡∏µ‡πÇ‡∏≠ ‡∏ï‡∏±‡∏ß‡∏≠‡∏¢‡πà‡∏≤‡∏á‡∏î‡πâ‡∏≤‡∏ô‡πÉ‡∏ô],https://www.lazada.co.th/tag/steam-game/?page=6
[PC Game] ‡πÄ‡∏Å‡∏° PC ‡πÄ‡∏Å‡∏°‡∏Ñ‡∏≠‡∏° Game Battlefield: Bad Company 2,https://www.lazada.co.th/tag/steam-game/?page=6
"[PC GAME] ‡πÅ‡∏ú‡πà‡∏ô‡πÄ‡∏Å‡∏°‡∏™‡πå GTA VC , Grand Theft Auto: Vice City PC",https://www.lazada.co.th/tag/steam-game/?page=6
The Legend Of Heroes Trails From Zero „Äê Game Pc „Äë‡πÄ‡∏Å‡∏°‡∏Ñ‡∏≠‡∏° ‡πÅ‡∏ö‡∏ö USB ‡πÅ‡∏ü‡∏•‡∏ä‡πÑ‡∏î‡∏£‡πå‡∏ü ‡πÄ‡∏Å‡∏° ‡∏™‡∏≥‡∏´‡∏£‡∏±‡∏ö PC Windows ‡πÅ‡∏ö‡∏ö‡∏î‡∏≤‡∏ß‡∏ô‡πå‡πÇ‡∏´‡∏•‡∏î ‡∏•‡∏¥‡∏á‡∏Å‡πå‡πÄ‡∏î‡∏µ‡∏¢‡∏ß„Äê ‡πÄ‡∏Å‡∏°‡∏Ñ‡∏≠‡∏°‡∏û‡∏¥‡∏ß‡πÄ‡∏ï‡∏≠‡∏£‡πå „Äë,https://www.lazada.co.th/tag/steam-game/?page=6
[PC Game] ‡πÄ‡∏Å‡∏° PC ‡πÄ‡∏Å‡∏°‡∏Ñ‡∏≠‡∏° Game Battlefield Vietnam,https://www.lazada.co.th/tag/steam-game/?page=6
[PC GAME] ‡πÅ‡∏ú‡πà‡∏ô‡πÄ‡∏Å‡∏°‡∏™‡πå Days Gone PC,https://www.lazada.co.th/tag/steam-game/?page=6
‡πÄ‡∏Å‡∏°‡∏Ñ‡∏≠‡∏°‡∏û‡∏¥‡∏ß‡πÄ‡∏ï‡∏≠‡∏£‡πå ‡πÄ‡∏Å‡∏°‡∏Ñ‡∏≠‡∏° ‡πÄ‡∏Å‡∏°‡∏Ñ‡∏≠‡∏°‡∏ô‡πà‡∏≤‡πÄ‡∏•‡πà‡∏ô USB/DVD  ‡πÄ‡∏Å‡∏° USB Flashdrive / DVD‡πÄ‡∏Å‡∏° A Wife And Mother***‡πÄ‡∏•‡πà‡∏ô‡πÑ‡∏î‡πâ100%*** ‡πÄ‡∏Å‡∏°‡∏à‡∏µ‡∏ö‡∏™‡∏≤‡∏ß,https://www.lazada.co.th/tag/steam-game/?page=6
[PC GAME] ‡πÅ‡∏ú‡πà‡∏ô‡πÄ‡∏Å‡∏°‡∏™‡πå Left 4 Dead 2 [‡∏≠‡∏≠‡∏ô‡πÑ‡∏•‡∏ô‡πå‡πÑ‡∏î‡πâ] PC,https://www.lazada.co.th/tag/steam-game/?page=6
‡∏ö‡∏±‡∏ç‡∏ä‡∏µ Genshin Impact Xiao Double 5 Star ‡πÄ‡∏£‡∏¥‡πà‡∏°‡∏ï‡πâ‡∏ô‡∏ö‡∏±‡∏ç‡∏ä‡∏µ‡∏Ñ‡∏≥‡∏™‡∏±‡πà‡∏á‡∏ú‡∏™‡∏°‡πÄ‡∏ã‡∏¥‡∏£‡πå‡∏ü‡πÄ‡∏ß‡∏≠‡∏£‡πå‡πÄ‡∏≠‡πÄ‡∏ä‡∏µ‡∏¢,https://www.lazada.co.th/tag/steam-game/?page=6
‡πÄ‡∏Å‡∏°‡∏™‡πå (PC) UNCHARTED‚Ñ¢: Legacy of Thieves Collection - Hiwnon_Henshin,https://www.lazada.co.th/tag/steam-game/?page=6
[PC Game] ‡πÄ‡∏Å‡∏° PC ‡πÄ‡∏Å‡∏°‡∏Ñ‡∏≠‡∏° Game Crysis - Collection [‡∏£‡∏ß‡∏° Crysis 4 ‡∏†‡∏≤‡∏Ñ] [‡πÅ‡∏ö‡∏ö USB Flashdrive 64Gb] [‡πÑ‡∏°‡πà‡∏ï‡πâ‡∏≠‡∏á‡∏ï‡∏¥‡∏î‡∏ï‡∏±‡πâ‡∏á‡πÄ‡∏™‡∏µ‡∏¢‡∏ö‡πÅ‡∏•‡πâ‡∏ß‡πÄ‡∏•‡πà‡∏ô‡πÑ‡∏î‡πâ‡πÄ‡∏•‡∏¢] ‡πÄ‡∏Å‡∏°‡∏Ñ‡∏≠‡∏°‡∏û‡∏¥‡∏ß‡πÄ‡∏ï‡∏≠‡∏£‡πå,https://www.lazada.co.th/tag/steam-game/?page=6
Diablo II Resurrected (Game PC ) ‡πÄ‡∏Å‡∏° pc [‡πÄ‡∏Å‡∏°‡∏Ñ‡∏≠‡∏°‡∏û‡∏¥‡∏ß‡πÄ‡∏ï‡∏≠‡∏£‡πå] ‡∏ï‡∏¥‡∏î‡∏ï‡∏±‡πâ‡∏á‡∏á‡πà‡∏≤‡∏¢,https://www.lazada.co.th/tag/steam-game/?page=6
‡πÄ‡∏Å‡∏°‡∏Ñ‡∏≠‡∏°‡∏û‡∏¥‡∏ß‡πÄ‡∏ï‡∏≠‡∏£‡πå ‡πÄ‡∏Å‡∏°‡∏Ñ‡∏≠‡∏° ‡πÄ‡∏Å‡∏°‡∏Ñ‡∏≠‡∏°‡∏ô‡πà‡∏≤‡πÄ‡∏•‡πà‡∏ô ‡πÄ‡∏Å‡∏°‡πÄ‡∏£‡∏î18 PC Games USB Flashdrive DVD ‡πÄ‡∏Å‡∏° WVM **‡πÄ‡∏•‡πà‡∏ô‡πÑ‡∏î‡πâ‡πÄ‡∏•‡∏¢‡πÑ‡∏°‡πà‡∏ï‡πâ‡∏≠‡∏á‡∏ï‡∏¥‡∏î‡∏ï‡∏±‡πâ‡∏á**,https://www.lazada.co.th/tag/steam-game/?page=6
Genshin Impact Self-Rolls Reroll ‡πÄ‡∏£‡∏¥‡πà‡∏°‡∏ï‡πâ‡∏ô‡∏ö‡∏±‡∏ç‡∏ä‡∏µ12000 + Primogems Fates ‡∏ö‡∏±‡∏ç‡∏ä‡∏µ Reroll Starter ACC Asia Server ‡∏ö‡∏±‡∏ç‡∏ä‡∏µ‡∏ß‡∏≤‡∏î‡∏†‡∏≤‡∏û‡∏ï‡∏±‡∏ß‡πÄ‡∏≠‡∏á,https://www.lazada.co.th/tag/steam-game/?page=6
[PC GAME] ‡πÅ‡∏ú‡πà‡∏ô‡πÄ‡∏Å‡∏°‡∏™‡πå Battlefield 3 Premium Edition [‡∏≠‡∏≠‡∏ô‡πÑ‡∏•‡∏ô‡πå‡πÑ‡∏î‡πâ] PC,https://www.lazada.co.th/tag/steam-game/?page=6
[‡πÅ‡∏ü‡∏•‡∏ä‡πÑ‡∏î‡∏£‡πå‡∏ü] The Sims 4 ‡∏£‡∏ß‡∏°‡∏ó‡∏∏‡∏Å‡∏†‡∏≤‡∏Ñ 56 in 1 ‡∏†‡∏≤‡∏©‡∏≤‡πÑ‡∏ó‡∏¢ [PC/MAC],https://www.lazada.co.th/tag/steam-game/?page=6
Game House Pocket Game ‡∏£‡∏ß‡∏° 160 ‡πÄ‡∏Å‡∏°‡∏™‡πå (‡∏û‡∏£‡πâ‡∏≠‡∏°‡∏£‡∏´‡∏±‡∏™ ‡πÄ‡∏•‡πà‡∏ô‡πÑ‡∏î‡πâ‡∏ï‡∏•‡∏≠‡∏î) ‡πÅ‡∏ú‡πà‡∏ô‡πÄ‡∏Å‡∏°‡∏™‡πå ‡πÅ‡∏ü‡∏•‡∏ä‡πÑ‡∏î‡∏£‡πå‡∏ü ‡πÄ‡∏Å‡∏°‡∏™‡πå‡∏Ñ‡∏≠‡∏°‡∏û‡∏¥‡∏ß‡πÄ‡∏ï‡∏≠‡∏£‡πå  PC ‡πÇ‡∏ô‡πä‡∏ï‡∏ö‡∏∏‡πä‡∏Ñ,https://www.lazada.co.th/tag/steam-game/?page=6
[PC Game] ‡πÄ‡∏Å‡∏° PC ‡πÄ‡∏Å‡∏°‡∏Ñ‡∏≠‡∏° Game Call of Duty Modern Warfare Remastered,https://www.lazada.co.th/tag/steam-game/?page=6
[PC GAME] ‡πÅ‡∏ú‡πà‡∏ô‡πÄ‡∏Å‡∏°‡∏™‡πå Minecraft:Story Mode - A Telltale Games Series PC,https://www.lazada.co.th/tag/steam-game/?page=6
Lazada Logistics,https://www.lazada.co.th/tag/steam-game/?page=6
FLASH,https://www.lazada.co.th/tag/steam-game/?page=6
Kerry,https://www.lazada.co.th/tag/steam-game/?page=6
ninjiavan,https://www.lazada.co.th/tag/steam-game/?page=6
Best,https://www.lazada.co.th/tag/steam-game/?page=6
TH Post,https://www.lazada.co.th/tag/steam-game/?page=6
TP,https://www.lazada.co.th/tag/steam-game/?page=6
GIZTIX,https://www.lazada.co.th/tag/steam-game/?page=6
NIM Express,https://www.lazada.co.th/tag/steam-game/?page=6
ISO,https://www.lazada.co.th/tag/steam-game/?page=6
PCI DSS,https://www.lazada.co.th/tag/steam-game/?page=6
,https://www.lazada.co.th/tag/steam-game/?page=7
‡πÇ‡∏•‡πÇ‡∏Å‡πâ ‡∏•‡∏≤‡∏ã‡∏≤‡∏î‡πâ‡∏≤ ‡∏ä‡πâ‡∏≠‡∏õ‡∏≠‡∏≠‡∏ô‡πÑ‡∏•‡∏ô‡πå,https://www.lazada.co.th/tag/steam-game/?page=7
‡∏û‡∏¥‡πÄ‡∏®‡∏©‡∏™‡∏≥‡∏´‡∏£‡∏±‡∏ö‡∏•‡∏π‡∏Å‡∏Ñ‡πâ‡∏≤‡πÉ‡∏´‡∏°‡πà,https://www.lazada.co.th/tag/steam-game/?page=7
[PC Game] ‡πÄ‡∏Å‡∏° PC ‡πÄ‡∏Å‡∏°‡∏Ñ‡∏≠‡∏° Game  The Amazing Spider Man 2 [DLC ‡∏Ñ‡∏£‡∏ö],https://www.lazada.co.th/tag/steam-game/?page=7
„Äê Game Pc „Äë‡πÄ‡∏Å‡∏°‡∏Ñ‡∏≠‡∏° ‡πÅ‡∏ö‡∏ö USB Game ‡πÅ‡∏ü‡∏•‡∏ä‡πÑ‡∏î‡∏£‡πå‡∏ü ‡∏™‡∏≥‡∏´‡∏£‡∏±‡∏ö Windows„Äê ‡πÄ‡∏Å‡∏° PC -  Medal of Honor Limited Edition „Äë‡πÅ‡∏ö‡∏ö‡∏î‡∏≤‡∏ß‡∏ô‡πå‡πÇ‡∏´‡∏•‡∏î ‡∏•‡∏¥‡∏á‡∏Å‡πå‡πÄ‡∏î‡∏µ‡∏¢‡∏ß„Äê ‡πÄ‡∏Å‡∏°‡∏Ñ‡∏≠‡∏°‡∏û‡∏¥‡∏ß‡πÄ‡∏ï‡∏≠‡∏£‡πå „Äë,https://www.lazada.co.th/tag/steam-game/?page=7
[PC Game] ‡πÄ‡∏Å‡∏° PC ‡πÄ‡∏Å‡∏°‡∏Ñ‡∏≠‡∏° Game Medal of Honor Air Borne ‡πÄ‡∏Å‡∏°‡∏Ñ‡∏≠‡∏°‡∏û‡∏¥‡∏ß‡πÄ‡∏ï‡∏≠‡∏£‡πå,https://www.lazada.co.th/tag/steam-game/?page=7
PC Game Battle Realms + Winter of the Wolf,https://www.lazada.co.th/tag/steam-game/?page=7
[PC Game] ‡πÄ‡∏Å‡∏° PC ‡πÄ‡∏Å‡∏°‡∏Ñ‡∏≠‡∏° Game  Play Home - All In One [*‡∏™‡∏≤‡∏£‡∏∞‡∏Ñ‡∏£‡∏±‡∏ö* ‡∏†‡∏≤‡∏©‡∏≤‡πÉ‡∏ô‡πÄ‡∏Å‡∏°‡πÄ‡∏õ‡πá‡∏ô‡∏†‡∏≤‡∏©‡∏≤‡∏≠‡∏±‡∏á‡∏Å‡∏§‡∏©‡∏ô‡∏∞‡∏Ñ‡∏£‡∏±‡∏ö]  - ‡πÄ‡∏Å‡∏°‡∏Ñ‡∏≠‡∏°‡∏û‡∏¥‡∏ß‡πÄ‡∏ï‡∏≠‡∏£‡πå,https://www.lazada.co.th/tag/steam-game/?page=7
[PC GAME] ‡πÅ‡∏ú‡πà‡∏ô‡πÄ‡∏Å‡∏°‡∏™‡πå Game House MAX PC,https://www.lazada.co.th/tag/steam-game/?page=7
[PC Game] ‡πÄ‡∏Å‡∏° PC ‡πÄ‡∏Å‡∏°‡∏Ñ‡∏≠‡∏° Game ANNO 1800 COMPLETE EDITION [‡πÄ‡∏û‡∏¥‡πà‡∏° 10 DLC] - ‡πÄ‡∏Å‡∏°‡∏Ñ‡∏≠‡∏°‡∏û‡∏¥‡∏ß‡πÄ‡∏ï‡∏≠‡∏£‡πå,https://www.lazada.co.th/tag/steam-game/?page=7
[PC Game] ‡πÄ‡∏Å‡∏° PC ‡πÄ‡∏Å‡∏°‡∏Ñ‡∏≠‡∏° Game Need For Speed Most Wanted 2012,https://www.lazada.co.th/tag/steam-game/?page=7
‡πÄ‡∏Å‡∏°‡∏ó‡πç‡∏≤‡∏ü‡∏≤‡∏£‡πå‡∏° Doraemon Story of Seasons ‡∏†‡∏≤‡∏©‡∏≤‡πÑ‡∏ó‡∏¢ [‡∏î‡∏≤‡∏ß‡∏ô‡πå‡πÇ‡∏´‡∏•‡∏î] [PC],https://www.lazada.co.th/tag/steam-game/?page=7
[PC GAME] ‡πÅ‡∏ú‡πà‡∏ô‡πÄ‡∏Å‡∏°‡∏™‡πå Resident Evil 2 Remake Deluxe Edition [‡∏†‡∏≤‡∏©‡∏≤‡πÑ‡∏ó‡∏¢] PC,https://www.lazada.co.th/tag/steam-game/?page=7
[PC Game] ‡πÄ‡∏Å‡∏° PC ‡πÄ‡∏Å‡∏°‡∏Ñ‡∏≠‡∏° Game Sniper Ghost Warrior Contracts ‡πÄ‡∏Å‡∏°‡∏Ñ‡∏≠‡∏°‡∏û‡∏¥‡∏ß‡πÄ‡∏ï‡∏≠‡∏£‡πå,https://www.lazada.co.th/tag/steam-game/?page=7
[PC Game] ‡πÄ‡∏Å‡∏° PC ‡πÄ‡∏Å‡∏°‡∏Ñ‡∏≠‡∏° Game Far Cry Primal - Apex Edition,https://www.lazada.co.th/tag/steam-game/?page=7
Genshin ‡∏≠‡∏¥‡∏°‡πÅ‡∏û‡∏Ñ Childe Double 5 Star Start Combo Account ASIA Server |,https://www.lazada.co.th/tag/steam-game/?page=7
Stray ‡πÄ‡∏Å‡∏°‡∏ú‡∏à‡∏ç‡∏†‡∏±‡∏¢‡∏Å‡∏±‡∏ö‡∏ô‡πâ‡∏≠‡∏á‡πÅ‡∏°‡∏ß‡πÄ‡∏´‡∏°‡∏µ‡∏¢‡∏ß ‡∏†‡∏≤‡∏©‡∏≤‡πÑ‡∏ó‡∏¢ [‡∏î‡∏≤‡∏ß‡∏ô‡πå‡πÇ‡∏´‡∏•‡∏î] [‡πÅ‡∏ü‡∏•‡∏ä‡πÑ‡∏î‡∏£‡πå‡∏ü] [PC],https://www.lazada.co.th/tag/steam-game/?page=7
‡∏ö‡∏±‡∏ç‡∏ä‡∏µ‡∏°‡πâ‡∏ß‡∏ô‡∏ú‡∏•‡∏Å‡∏£‡∏∞‡∏ó‡∏ö Genshin | ‡∏ö‡∏±‡∏ç‡∏ä‡∏µ Self-Rolls | ‡∏ö‡∏±‡∏ç‡∏ä‡∏µ‡πÄ‡∏£‡∏¥‡πà‡∏°‡∏ï‡πâ‡∏ô | 75-80‡∏°‡πâ‡∏ß‡∏ô‡πÄ‡∏≠‡πÄ‡∏ä‡∏µ‡∏¢,https://www.lazada.co.th/tag/steam-game/?page=7
[PC GAME] ‡πÅ‡∏ú‡πà‡∏ô‡πÄ‡∏Å‡∏°‡∏™‡πå JUMP FORCE Ultimate Edition PC [‡∏†‡∏≤‡∏©‡∏≤‡πÑ‡∏ó‡∏¢],https://www.lazada.co.th/tag/steam-game/?page=7
Far Cry 6 Ultimate Edition ‡∏†‡∏≤‡∏©‡∏≤‡πÑ‡∏ó‡∏¢ - ‡πÄ‡∏Å‡∏° pc ‡∏™‡∏≥‡∏´‡∏£‡∏±‡∏ö windows game ‡πÅ‡∏ö‡∏ö DVD USB Flash drive ‡πÅ‡∏•‡∏∞‡∏î‡∏≤‡∏ß‡∏ô‡πå‡πÇ‡∏´‡∏•‡∏î‡πÑ‡∏ü‡∏•‡πå ‡∏ï‡∏¥‡∏î‡∏ï‡∏±‡πâ‡∏á‡∏á‡πà‡∏≤‡∏¢ ‡∏î‡πâ‡∏ß‡∏¢‡∏£‡∏∞‡∏ö‡∏ö Autorun install - ‡πÄ‡∏Å‡∏°‡∏Ñ‡∏≠‡∏°‡∏û‡∏¥‡∏ß‡πÄ‡∏ï‡∏≠‡∏£‡πå,https://www.lazada.co.th/tag/steam-game/?page=7
(‡πÄ‡∏Å‡∏°‡∏™‡πå PC) Terraria - Hiwnon_Henshin,https://www.lazada.co.th/tag/steam-game/?page=7
[PC GAME] ‡πÅ‡∏ú‡πà‡∏ô‡πÄ‡∏Å‡∏°‡∏™‡πå Planet Zoo: Deluxe Edition PC,https://www.lazada.co.th/tag/steam-game/?page=7
Zhongli ‡∏ö‡∏±‡∏ç‡∏ä‡∏µ AR38 Engineserver Genshin Impact Primogems Zhongli + 160 Rolls + ‡∏ö‡∏±‡∏ç‡∏ä‡∏µ Farmed ‡∏™‡∏∏‡πà‡∏°5‡∏î‡∏≤‡∏ß,https://www.lazada.co.th/tag/steam-game/?page=7
„Äê Game Pc „Äë‡πÄ‡∏Å‡∏°‡∏Ñ‡∏≠‡∏° ‡πÅ‡∏ö‡∏ö USB ‡πÅ‡∏ü‡∏•‡∏ä‡πÑ‡∏î‡∏£‡πå‡∏ü ‡∏™‡∏≥‡∏´‡∏£‡∏±‡∏ö Windows„Äê ‡πÄ‡∏Å‡∏° PC -  JUMP FORCE Ultimate Edition [‡∏†‡∏≤‡∏©‡∏≤‡πÑ‡∏ó‡∏¢] ‡∏≠‡∏±‡∏õ‡πÄ‡∏î‡∏ï‡∏•‡πà‡∏≤‡∏™‡∏∏‡∏î DLC ‡∏Ñ‡∏£‡∏ö „Äë‡πÅ‡∏ö‡∏ö‡∏î‡∏≤‡∏ß‡∏ô‡πå‡πÇ‡∏´‡∏•‡∏î ‡∏•‡∏¥‡∏á‡∏Å‡πå‡πÄ‡∏î‡∏µ‡∏¢‡∏ß„Äê ‡πÄ‡∏Å‡∏°‡∏Ñ‡∏≠‡∏°‡∏û‡∏¥‡∏ß‡πÄ‡∏ï‡∏≠‡∏£‡πå „Äë,https://www.lazada.co.th/tag/steam-game/?page=7
‡πÄ‡∏Å‡∏° PC PES 2013 Next Season Patch 2022 Game PC ‡∏°‡∏≤‡πÉ‡∏´‡∏°‡πà ‡πÄ‡∏Å‡∏°‡∏Ñ‡∏≠‡∏° ‡∏≠‡∏±‡∏û‡πÄ‡∏î‡∏ó‡∏•‡πà‡∏≤‡∏™‡∏∏‡∏î [‡∏£‡∏≤‡∏¢‡∏•‡∏∞‡πÄ‡∏≠‡∏µ‡∏¢‡∏î ‡∏î‡∏π ‡∏ß‡∏µ‡∏î‡∏µ‡πÇ‡∏≠ ‡∏ï‡∏±‡∏ß‡∏≠‡∏¢‡πà‡∏≤‡∏á‡∏î‡πâ‡∏≤‡∏ô‡πÉ‡∏ô],https://www.lazada.co.th/tag/steam-game/?page=7
[PC Game] ‡πÄ‡∏Å‡∏° PC ‡πÄ‡∏Å‡∏°‡∏Ñ‡∏≠‡∏° Game Battlefield: Bad Company 2,https://www.lazada.co.th/tag/steam-game/?page=7
"[PC GAME] ‡πÅ‡∏ú‡πà‡∏ô‡πÄ‡∏Å‡∏°‡∏™‡πå GTA VC , Grand Theft Auto: Vice City PC",https://www.lazada.co.th/tag/steam-game/?page=7
The Legend Of Heroes Trails From Zero „Äê Game Pc „Äë‡πÄ‡∏Å‡∏°‡∏Ñ‡∏≠‡∏° ‡πÅ‡∏ö‡∏ö USB ‡πÅ‡∏ü‡∏•‡∏ä‡πÑ‡∏î‡∏£‡πå‡∏ü ‡πÄ‡∏Å‡∏° ‡∏™‡∏≥‡∏´‡∏£‡∏±‡∏ö PC Windows ‡πÅ‡∏ö‡∏ö‡∏î‡∏≤‡∏ß‡∏ô‡πå‡πÇ‡∏´‡∏•‡∏î ‡∏•‡∏¥‡∏á‡∏Å‡πå‡πÄ‡∏î‡∏µ‡∏¢‡∏ß„Äê ‡πÄ‡∏Å‡∏°‡∏Ñ‡∏≠‡∏°‡∏û‡∏¥‡∏ß‡πÄ‡∏ï‡∏≠‡∏£‡πå „Äë,https://www.lazada.co.th/tag/steam-game/?page=7
[PC Game] ‡πÄ‡∏Å‡∏° PC ‡πÄ‡∏Å‡∏°‡∏Ñ‡∏≠‡∏° Game Battlefield Vietnam,https://www.lazada.co.th/tag/steam-game/?page=7
[PC GAME] ‡πÅ‡∏ú‡πà‡∏ô‡πÄ‡∏Å‡∏°‡∏™‡πå Days Gone PC,https://www.lazada.co.th/tag/steam-game/?page=7
‡πÄ‡∏Å‡∏°‡∏Ñ‡∏≠‡∏°‡∏û‡∏¥‡∏ß‡πÄ‡∏ï‡∏≠‡∏£‡πå ‡πÄ‡∏Å‡∏°‡∏Ñ‡∏≠‡∏° ‡πÄ‡∏Å‡∏°‡∏Ñ‡∏≠‡∏°‡∏ô‡πà‡∏≤‡πÄ‡∏•‡πà‡∏ô USB/DVD  ‡πÄ‡∏Å‡∏° USB Flashdrive / DVD‡πÄ‡∏Å‡∏° A Wife And Mother***‡πÄ‡∏•‡πà‡∏ô‡πÑ‡∏î‡πâ100%*** ‡πÄ‡∏Å‡∏°‡∏à‡∏µ‡∏ö‡∏™‡∏≤‡∏ß,https://www.lazada.co.th/tag/steam-game/?page=7
[PC GAME] ‡πÅ‡∏ú‡πà‡∏ô‡πÄ‡∏Å‡∏°‡∏™‡πå Left 4 Dead 2 [‡∏≠‡∏≠‡∏ô‡πÑ‡∏•‡∏ô‡πå‡πÑ‡∏î‡πâ] PC,https://www.lazada.co.th/tag/steam-game/?page=7
‡∏ö‡∏±‡∏ç‡∏ä‡∏µ Genshin Impact Xiao Double 5 Star ‡πÄ‡∏£‡∏¥‡πà‡∏°‡∏ï‡πâ‡∏ô‡∏ö‡∏±‡∏ç‡∏ä‡∏µ‡∏Ñ‡∏≥‡∏™‡∏±‡πà‡∏á‡∏ú‡∏™‡∏°‡πÄ‡∏ã‡∏¥‡∏£‡πå‡∏ü‡πÄ‡∏ß‡∏≠‡∏£‡πå‡πÄ‡∏≠‡πÄ‡∏ä‡∏µ‡∏¢,https://www.lazada.co.th/tag/steam-game/?page=7
‡πÄ‡∏Å‡∏°‡∏™‡πå (PC) UNCHARTED‚Ñ¢: Legacy of Thieves Collection - Hiwnon_Henshin,https://www.lazada.co.th/tag/steam-game/?page=7
[PC Game] ‡πÄ‡∏Å‡∏° PC ‡πÄ‡∏Å‡∏°‡∏Ñ‡∏≠‡∏° Game Crysis - Collection [‡∏£‡∏ß‡∏° Crysis 4 ‡∏†‡∏≤‡∏Ñ] [‡πÅ‡∏ö‡∏ö USB Flashdrive 64Gb] [‡πÑ‡∏°‡πà‡∏ï‡πâ‡∏≠‡∏á‡∏ï‡∏¥‡∏î‡∏ï‡∏±‡πâ‡∏á‡πÄ‡∏™‡∏µ‡∏¢‡∏ö‡πÅ‡∏•‡πâ‡∏ß‡πÄ‡∏•‡πà‡∏ô‡πÑ‡∏î‡πâ‡πÄ‡∏•‡∏¢] ‡πÄ‡∏Å‡∏°‡∏Ñ‡∏≠‡∏°‡∏û‡∏¥‡∏ß‡πÄ‡∏ï‡∏≠‡∏£‡πå,https://www.lazada.co.th/tag/steam-game/?page=7
Diablo II Resurrected (Game PC ) ‡πÄ‡∏Å‡∏° pc [‡πÄ‡∏Å‡∏°‡∏Ñ‡∏≠‡∏°‡∏û‡∏¥‡∏ß‡πÄ‡∏ï‡∏≠‡∏£‡πå] ‡∏ï‡∏¥‡∏î‡∏ï‡∏±‡πâ‡∏á‡∏á‡πà‡∏≤‡∏¢,https://www.lazada.co.th/tag/steam-game/?page=7
‡πÄ‡∏Å‡∏°‡∏Ñ‡∏≠‡∏°‡∏û‡∏¥‡∏ß‡πÄ‡∏ï‡∏≠‡∏£‡πå ‡πÄ‡∏Å‡∏°‡∏Ñ‡∏≠‡∏° ‡πÄ‡∏Å‡∏°‡∏Ñ‡∏≠‡∏°‡∏ô‡πà‡∏≤‡πÄ‡∏•‡πà‡∏ô ‡πÄ‡∏Å‡∏°‡πÄ‡∏£‡∏î18 PC Games USB Flashdrive DVD ‡πÄ‡∏Å‡∏° WVM **‡πÄ‡∏•‡πà‡∏ô‡πÑ‡∏î‡πâ‡πÄ‡∏•‡∏¢‡πÑ‡∏°‡πà‡∏ï‡πâ‡∏≠‡∏á‡∏ï‡∏¥‡∏î‡∏ï‡∏±‡πâ‡∏á**,https://www.lazada.co.th/tag/steam-game/?page=7
Genshin Impact Self-Rolls Reroll ‡πÄ‡∏£‡∏¥‡πà‡∏°‡∏ï‡πâ‡∏ô‡∏ö‡∏±‡∏ç‡∏ä‡∏µ12000 + Primogems Fates ‡∏ö‡∏±‡∏ç‡∏ä‡∏µ Reroll Starter ACC Asia Server ‡∏ö‡∏±‡∏ç‡∏ä‡∏µ‡∏ß‡∏≤‡∏î‡∏†‡∏≤‡∏û‡∏ï‡∏±‡∏ß‡πÄ‡∏≠‡∏á,https://www.lazada.co.th/tag/steam-game/?page=7
[PC GAME] ‡πÅ‡∏ú‡πà‡∏ô‡πÄ‡∏Å‡∏°‡∏™‡πå Battlefield 3 Premium Edition [‡∏≠‡∏≠‡∏ô‡πÑ‡∏•‡∏ô‡πå‡πÑ‡∏î‡πâ] PC,https://www.lazada.co.th/tag/steam-game/?page=7
[‡πÅ‡∏ü‡∏•‡∏ä‡πÑ‡∏î‡∏£‡πå‡∏ü] The Sims 4 ‡∏£‡∏ß‡∏°‡∏ó‡∏∏‡∏Å‡∏†‡∏≤‡∏Ñ 56 in 1 ‡∏†‡∏≤‡∏©‡∏≤‡πÑ‡∏ó‡∏¢ [PC/MAC],https://www.lazada.co.th/tag/steam-game/?page=7
Game House Pocket Game ‡∏£‡∏ß‡∏° 160 ‡πÄ‡∏Å‡∏°‡∏™‡πå (‡∏û‡∏£‡πâ‡∏≠‡∏°‡∏£‡∏´‡∏±‡∏™ ‡πÄ‡∏•‡πà‡∏ô‡πÑ‡∏î‡πâ‡∏ï‡∏•‡∏≠‡∏î) ‡πÅ‡∏ú‡πà‡∏ô‡πÄ‡∏Å‡∏°‡∏™‡πå ‡πÅ‡∏ü‡∏•‡∏ä‡πÑ‡∏î‡∏£‡πå‡∏ü ‡πÄ‡∏Å‡∏°‡∏™‡πå‡∏Ñ‡∏≠‡∏°‡∏û‡∏¥‡∏ß‡πÄ‡∏ï‡∏≠‡∏£‡πå  PC ‡πÇ‡∏ô‡πä‡∏ï‡∏ö‡∏∏‡πä‡∏Ñ,https://www.lazada.co.th/tag/steam-game/?page=7
[PC Game] ‡πÄ‡∏Å‡∏° PC ‡πÄ‡∏Å‡∏°‡∏Ñ‡∏≠‡∏° Game Call of Duty Modern Warfare Remastered,https://www.lazada.co.th/tag/steam-game/?page=7
[PC GAME] ‡πÅ‡∏ú‡πà‡∏ô‡πÄ‡∏Å‡∏°‡∏™‡πå Minecraft:Story Mode - A Telltale Games Series PC,https://www.lazada.co.th/tag/steam-game/?page=7
Lazada Logistics,https://www.lazada.co.th/tag/steam-game/?page=7
FLASH,https://www.lazada.co.th/tag/steam-game/?page=7
Kerry,https://www.lazada.co.th/tag/steam-game/?page=7
ninjiavan,https://www.lazada.co.th/tag/steam-game/?page=7
Best,https://www.lazada.co.th/tag/steam-game/?page=7
TH Post,https://www.lazada.co.th/tag/steam-game/?page=7
TP,https://www.lazada.co.th/tag/steam-game/?page=7
GIZTIX,https://www.lazada.co.th/tag/steam-game/?page=7
NIM Express,https://www.lazada.co.th/tag/steam-game/?page=7
ISO,https://www.lazada.co.th/tag/steam-game/?page=7
PCI DSS,https://www.lazada.co.th/tag/steam-game/?page=7
,https://www.lazada.co.th/tag/steam-game/?page=8
‡πÇ‡∏•‡πÇ‡∏Å‡πâ ‡∏•‡∏≤‡∏ã‡∏≤‡∏î‡πâ‡∏≤ ‡∏ä‡πâ‡∏≠‡∏õ‡∏≠‡∏≠‡∏ô‡πÑ‡∏•‡∏ô‡πå,https://www.lazada.co.th/tag/steam-game/?page=8
‡∏û‡∏¥‡πÄ‡∏®‡∏©‡∏™‡∏≥‡∏´‡∏£‡∏±‡∏ö‡∏•‡∏π‡∏Å‡∏Ñ‡πâ‡∏≤‡πÉ‡∏´‡∏°‡πà,https://www.lazada.co.th/tag/steam-game/?page=8
[PC Game] ‡πÄ‡∏Å‡∏° PC ‡πÄ‡∏Å‡∏°‡∏Ñ‡∏≠‡∏° Game  The Amazing Spider Man 2 [DLC ‡∏Ñ‡∏£‡∏ö],https://www.lazada.co.th/tag/steam-game/?page=8
„Äê Game Pc „Äë‡πÄ‡∏Å‡∏°‡∏Ñ‡∏≠‡∏° ‡πÅ‡∏ö‡∏ö USB Game ‡πÅ‡∏ü‡∏•‡∏ä‡πÑ‡∏î‡∏£‡πå‡∏ü ‡∏™‡∏≥‡∏´‡∏£‡∏±‡∏ö Windows„Äê ‡πÄ‡∏Å‡∏° PC -  Medal of Honor Limited Edition „Äë‡πÅ‡∏ö‡∏ö‡∏î‡∏≤‡∏ß‡∏ô‡πå‡πÇ‡∏´‡∏•‡∏î ‡∏•‡∏¥‡∏á‡∏Å‡πå‡πÄ‡∏î‡∏µ‡∏¢‡∏ß„Äê ‡πÄ‡∏Å‡∏°‡∏Ñ‡∏≠‡∏°‡∏û‡∏¥‡∏ß‡πÄ‡∏ï‡∏≠‡∏£‡πå „Äë,https://www.lazada.co.th/tag/steam-game/?page=8
[PC Game] ‡πÄ‡∏Å‡∏° PC ‡πÄ‡∏Å‡∏°‡∏Ñ‡∏≠‡∏° Game Medal of Honor Air Borne ‡πÄ‡∏Å‡∏°‡∏Ñ‡∏≠‡∏°‡∏û‡∏¥‡∏ß‡πÄ‡∏ï‡∏≠‡∏£‡πå,https://www.lazada.co.th/tag/steam-game/?page=8
PC Game Battle Realms + Winter of the Wolf,https://www.lazada.co.th/tag/steam-game/?page=8
[PC Game] ‡πÄ‡∏Å‡∏° PC ‡πÄ‡∏Å‡∏°‡∏Ñ‡∏≠‡∏° Game  Play Home - All In One [*‡∏™‡∏≤‡∏£‡∏∞‡∏Ñ‡∏£‡∏±‡∏ö* ‡∏†‡∏≤‡∏©‡∏≤‡πÉ‡∏ô‡πÄ‡∏Å‡∏°‡πÄ‡∏õ‡πá‡∏ô‡∏†‡∏≤‡∏©‡∏≤‡∏≠‡∏±‡∏á‡∏Å‡∏§‡∏©‡∏ô‡∏∞‡∏Ñ‡∏£‡∏±‡∏ö]  - ‡πÄ‡∏Å‡∏°‡∏Ñ‡∏≠‡∏°‡∏û‡∏¥‡∏ß‡πÄ‡∏ï‡∏≠‡∏£‡πå,https://www.lazada.co.th/tag/steam-game/?page=8
[PC GAME] ‡πÅ‡∏ú‡πà‡∏ô‡πÄ‡∏Å‡∏°‡∏™‡πå Game House MAX PC,https://www.lazada.co.th/tag/steam-game/?page=8
[PC Game] ‡πÄ‡∏Å‡∏° PC ‡πÄ‡∏Å‡∏°‡∏Ñ‡∏≠‡∏° Game ANNO 1800 COMPLETE EDITION [‡πÄ‡∏û‡∏¥‡πà‡∏° 10 DLC] - ‡πÄ‡∏Å‡∏°‡∏Ñ‡∏≠‡∏°‡∏û‡∏¥‡∏ß‡πÄ‡∏ï‡∏≠‡∏£‡πå,https://www.lazada.co.th/tag/steam-game/?page=8
[PC Game] ‡πÄ‡∏Å‡∏° PC ‡πÄ‡∏Å‡∏°‡∏Ñ‡∏≠‡∏° Game Need For Speed Most Wanted 2012,https://www.lazada.co.th/tag/steam-game/?page=8
‡πÄ‡∏Å‡∏°‡∏ó‡πç‡∏≤‡∏ü‡∏≤‡∏£‡πå‡∏° Doraemon Story of Seasons ‡∏†‡∏≤‡∏©‡∏≤‡πÑ‡∏ó‡∏¢ [‡∏î‡∏≤‡∏ß‡∏ô‡πå‡πÇ‡∏´‡∏•‡∏î] [PC],https://www.lazada.co.th/tag/steam-game/?page=8
[PC GAME] ‡πÅ‡∏ú‡πà‡∏ô‡πÄ‡∏Å‡∏°‡∏™‡πå Resident Evil 2 Remake Deluxe Edition [‡∏†‡∏≤‡∏©‡∏≤‡πÑ‡∏ó‡∏¢] PC,https://www.lazada.co.th/tag/steam-game/?page=8
[PC Game] ‡πÄ‡∏Å‡∏° PC ‡πÄ‡∏Å‡∏°‡∏Ñ‡∏≠‡∏° Game Sniper Ghost Warrior Contracts ‡πÄ‡∏Å‡∏°‡∏Ñ‡∏≠‡∏°‡∏û‡∏¥‡∏ß‡πÄ‡∏ï‡∏≠‡∏£‡πå,https://www.lazada.co.th/tag/steam-game/?page=8
[PC Game] ‡πÄ‡∏Å‡∏° PC ‡πÄ‡∏Å‡∏°‡∏Ñ‡∏≠‡∏° Game Far Cry Primal - Apex Edition,https://www.lazada.co.th/tag/steam-game/?page=8
Genshin ‡∏≠‡∏¥‡∏°‡πÅ‡∏û‡∏Ñ Childe Double 5 Star Start Combo Account ASIA Server |,https://www.lazada.co.th/tag/steam-game/?page=8
Stray ‡πÄ‡∏Å‡∏°‡∏ú‡∏à‡∏ç‡∏†‡∏±‡∏¢‡∏Å‡∏±‡∏ö‡∏ô‡πâ‡∏≠‡∏á‡πÅ‡∏°‡∏ß‡πÄ‡∏´‡∏°‡∏µ‡∏¢‡∏ß ‡∏†‡∏≤‡∏©‡∏≤‡πÑ‡∏ó‡∏¢ [‡∏î‡∏≤‡∏ß‡∏ô‡πå‡πÇ‡∏´‡∏•‡∏î] [‡πÅ‡∏ü‡∏•‡∏ä‡πÑ‡∏î‡∏£‡πå‡∏ü] [PC],https://www.lazada.co.th/tag/steam-game/?page=8
‡∏ö‡∏±‡∏ç‡∏ä‡∏µ‡∏°‡πâ‡∏ß‡∏ô‡∏ú‡∏•‡∏Å‡∏£‡∏∞‡∏ó‡∏ö Genshin | ‡∏ö‡∏±‡∏ç‡∏ä‡∏µ Self-Rolls | ‡∏ö‡∏±‡∏ç‡∏ä‡∏µ‡πÄ‡∏£‡∏¥‡πà‡∏°‡∏ï‡πâ‡∏ô | 75-80‡∏°‡πâ‡∏ß‡∏ô‡πÄ‡∏≠‡πÄ‡∏ä‡∏µ‡∏¢,https://www.lazada.co.th/tag/steam-game/?page=8
[PC GAME] ‡πÅ‡∏ú‡πà‡∏ô‡πÄ‡∏Å‡∏°‡∏™‡πå JUMP FORCE Ultimate Edition PC [‡∏†‡∏≤‡∏©‡∏≤‡πÑ‡∏ó‡∏¢],https://www.lazada.co.th/tag/steam-game/?page=8
Far Cry 6 Ultimate Edition ‡∏†‡∏≤‡∏©‡∏≤‡πÑ‡∏ó‡∏¢ - ‡πÄ‡∏Å‡∏° pc ‡∏™‡∏≥‡∏´‡∏£‡∏±‡∏ö windows game ‡πÅ‡∏ö‡∏ö DVD USB Flash drive ‡πÅ‡∏•‡∏∞‡∏î‡∏≤‡∏ß‡∏ô‡πå‡πÇ‡∏´‡∏•‡∏î‡πÑ‡∏ü‡∏•‡πå ‡∏ï‡∏¥‡∏î‡∏ï‡∏±‡πâ‡∏á‡∏á‡πà‡∏≤‡∏¢ ‡∏î‡πâ‡∏ß‡∏¢‡∏£‡∏∞‡∏ö‡∏ö Autorun install - ‡πÄ‡∏Å‡∏°‡∏Ñ‡∏≠‡∏°‡∏û‡∏¥‡∏ß‡πÄ‡∏ï‡∏≠‡∏£‡πå,https://www.lazada.co.th/tag/steam-game/?page=8
(‡πÄ‡∏Å‡∏°‡∏™‡πå PC) Terraria - Hiwnon_Henshin,https://www.lazada.co.th/tag/steam-game/?page=8
[PC GAME] ‡πÅ‡∏ú‡πà‡∏ô‡πÄ‡∏Å‡∏°‡∏™‡πå Planet Zoo: Deluxe Edition PC,https://www.lazada.co.th/tag/steam-game/?page=8
Zhongli ‡∏ö‡∏±‡∏ç‡∏ä‡∏µ AR38 Engineserver Genshin Impact Primogems Zhongli + 160 Rolls + ‡∏ö‡∏±‡∏ç‡∏ä‡∏µ Farmed ‡∏™‡∏∏‡πà‡∏°5‡∏î‡∏≤‡∏ß,https://www.lazada.co.th/tag/steam-game/?page=8
„Äê Game Pc „Äë‡πÄ‡∏Å‡∏°‡∏Ñ‡∏≠‡∏° ‡πÅ‡∏ö‡∏ö USB ‡πÅ‡∏ü‡∏•‡∏ä‡πÑ‡∏î‡∏£‡πå‡∏ü ‡∏™‡∏≥‡∏´‡∏£‡∏±‡∏ö Windows„Äê ‡πÄ‡∏Å‡∏° PC -  JUMP FORCE Ultimate Edition [‡∏†‡∏≤‡∏©‡∏≤‡πÑ‡∏ó‡∏¢] ‡∏≠‡∏±‡∏õ‡πÄ‡∏î‡∏ï‡∏•‡πà‡∏≤‡∏™‡∏∏‡∏î DLC ‡∏Ñ‡∏£‡∏ö „Äë‡πÅ‡∏ö‡∏ö‡∏î‡∏≤‡∏ß‡∏ô‡πå‡πÇ‡∏´‡∏•‡∏î ‡∏•‡∏¥‡∏á‡∏Å‡πå‡πÄ‡∏î‡∏µ‡∏¢‡∏ß„Äê ‡πÄ‡∏Å‡∏°‡∏Ñ‡∏≠‡∏°‡∏û‡∏¥‡∏ß‡πÄ‡∏ï‡∏≠‡∏£‡πå „Äë,https://www.lazada.co.th/tag/steam-game/?page=8
‡πÄ‡∏Å‡∏° PC PES 2013 Next Season Patch 2022 Game PC ‡∏°‡∏≤‡πÉ‡∏´‡∏°‡πà ‡πÄ‡∏Å‡∏°‡∏Ñ‡∏≠‡∏° ‡∏≠‡∏±‡∏û‡πÄ‡∏î‡∏ó‡∏•‡πà‡∏≤‡∏™‡∏∏‡∏î [‡∏£‡∏≤‡∏¢‡∏•‡∏∞‡πÄ‡∏≠‡∏µ‡∏¢‡∏î ‡∏î‡∏π ‡∏ß‡∏µ‡∏î‡∏µ‡πÇ‡∏≠ ‡∏ï‡∏±‡∏ß‡∏≠‡∏¢‡πà‡∏≤‡∏á‡∏î‡πâ‡∏≤‡∏ô‡πÉ‡∏ô],https://www.lazada.co.th/tag/steam-game/?page=8
[PC Game] ‡πÄ‡∏Å‡∏° PC ‡πÄ‡∏Å‡∏°‡∏Ñ‡∏≠‡∏° Game Battlefield: Bad Company 2,https://www.lazada.co.th/tag/steam-game/?page=8
"[PC GAME] ‡πÅ‡∏ú‡πà‡∏ô‡πÄ‡∏Å‡∏°‡∏™‡πå GTA VC , Grand Theft Auto: Vice City PC",https://www.lazada.co.th/tag/steam-game/?page=8
The Legend Of Heroes Trails From Zero „Äê Game Pc „Äë‡πÄ‡∏Å‡∏°‡∏Ñ‡∏≠‡∏° ‡πÅ‡∏ö‡∏ö USB ‡πÅ‡∏ü‡∏•‡∏ä‡πÑ‡∏î‡∏£‡πå‡∏ü ‡πÄ‡∏Å‡∏° ‡∏™‡∏≥‡∏´‡∏£‡∏±‡∏ö PC Windows ‡πÅ‡∏ö‡∏ö‡∏î‡∏≤‡∏ß‡∏ô‡πå‡πÇ‡∏´‡∏•‡∏î ‡∏•‡∏¥‡∏á‡∏Å‡πå‡πÄ‡∏î‡∏µ‡∏¢‡∏ß„Äê ‡πÄ‡∏Å‡∏°‡∏Ñ‡∏≠‡∏°‡∏û‡∏¥‡∏ß‡πÄ‡∏ï‡∏≠‡∏£‡πå „Äë,https://www.lazada.co.th/tag/steam-game/?page=8
[PC Game] ‡πÄ‡∏Å‡∏° PC ‡πÄ‡∏Å‡∏°‡∏Ñ‡∏≠‡∏° Game Battlefield Vietnam,https://www.lazada.co.th/tag/steam-game/?page=8
[PC GAME] ‡πÅ‡∏ú‡πà‡∏ô‡πÄ‡∏Å‡∏°‡∏™‡πå Days Gone PC,https://www.lazada.co.th/tag/steam-game/?page=8
‡πÄ‡∏Å‡∏°‡∏Ñ‡∏≠‡∏°‡∏û‡∏¥‡∏ß‡πÄ‡∏ï‡∏≠‡∏£‡πå ‡πÄ‡∏Å‡∏°‡∏Ñ‡∏≠‡∏° ‡πÄ‡∏Å‡∏°‡∏Ñ‡∏≠‡∏°‡∏ô‡πà‡∏≤‡πÄ‡∏•‡πà‡∏ô USB/DVD  ‡πÄ‡∏Å‡∏° USB Flashdrive / DVD‡πÄ‡∏Å‡∏° A Wife And Mother***‡πÄ‡∏•‡πà‡∏ô‡πÑ‡∏î‡πâ100%*** ‡πÄ‡∏Å‡∏°‡∏à‡∏µ‡∏ö‡∏™‡∏≤‡∏ß,https://www.lazada.co.th/tag/steam-game/?page=8
[PC GAME] ‡πÅ‡∏ú‡πà‡∏ô‡πÄ‡∏Å‡∏°‡∏™‡πå Left 4 Dead 2 [‡∏≠‡∏≠‡∏ô‡πÑ‡∏•‡∏ô‡πå‡πÑ‡∏î‡πâ] PC,https://www.lazada.co.th/tag/steam-game/?page=8
‡∏ö‡∏±‡∏ç‡∏ä‡∏µ Genshin Impact Xiao Double 5 Star ‡πÄ‡∏£‡∏¥‡πà‡∏°‡∏ï‡πâ‡∏ô‡∏ö‡∏±‡∏ç‡∏ä‡∏µ‡∏Ñ‡∏≥‡∏™‡∏±‡πà‡∏á‡∏ú‡∏™‡∏°‡πÄ‡∏ã‡∏¥‡∏£‡πå‡∏ü‡πÄ‡∏ß‡∏≠‡∏£‡πå‡πÄ‡∏≠‡πÄ‡∏ä‡∏µ‡∏¢,https://www.lazada.co.th/tag/steam-game/?page=8
‡πÄ‡∏Å‡∏°‡∏™‡πå (PC) UNCHARTED‚Ñ¢: Legacy of Thieves Collection - Hiwnon_Henshin,https://www.lazada.co.th/tag/steam-game/?page=8
[PC Game] ‡πÄ‡∏Å‡∏° PC ‡πÄ‡∏Å‡∏°‡∏Ñ‡∏≠‡∏° Game Crysis - Collection [‡∏£‡∏ß‡∏° Crysis 4 ‡∏†‡∏≤‡∏Ñ] [‡πÅ‡∏ö‡∏ö USB Flashdrive 64Gb] [‡πÑ‡∏°‡πà‡∏ï‡πâ‡∏≠‡∏á‡∏ï‡∏¥‡∏î‡∏ï‡∏±‡πâ‡∏á‡πÄ‡∏™‡∏µ‡∏¢‡∏ö‡πÅ‡∏•‡πâ‡∏ß‡πÄ‡∏•‡πà‡∏ô‡πÑ‡∏î‡πâ‡πÄ‡∏•‡∏¢] ‡πÄ‡∏Å‡∏°‡∏Ñ‡∏≠‡∏°‡∏û‡∏¥‡∏ß‡πÄ‡∏ï‡∏≠‡∏£‡πå,https://www.lazada.co.th/tag/steam-game/?page=8
Diablo II Resurrected (Game PC ) ‡πÄ‡∏Å‡∏° pc [‡πÄ‡∏Å‡∏°‡∏Ñ‡∏≠‡∏°‡∏û‡∏¥‡∏ß‡πÄ‡∏ï‡∏≠‡∏£‡πå] ‡∏ï‡∏¥‡∏î‡∏ï‡∏±‡πâ‡∏á‡∏á‡πà‡∏≤‡∏¢,https://www.lazada.co.th/tag/steam-game/?page=8
‡πÄ‡∏Å‡∏°‡∏Ñ‡∏≠‡∏°‡∏û‡∏¥‡∏ß‡πÄ‡∏ï‡∏≠‡∏£‡πå ‡πÄ‡∏Å‡∏°‡∏Ñ‡∏≠‡∏° ‡πÄ‡∏Å‡∏°‡∏Ñ‡∏≠‡∏°‡∏ô‡πà‡∏≤‡πÄ‡∏•‡πà‡∏ô ‡πÄ‡∏Å‡∏°‡πÄ‡∏£‡∏î18 PC Games USB Flashdrive DVD ‡πÄ‡∏Å‡∏° WVM **‡πÄ‡∏•‡πà‡∏ô‡πÑ‡∏î‡πâ‡πÄ‡∏•‡∏¢‡πÑ‡∏°‡πà‡∏ï‡πâ‡∏≠‡∏á‡∏ï‡∏¥‡∏î‡∏ï‡∏±‡πâ‡∏á**,https://www.lazada.co.th/tag/steam-game/?page=8
Genshin Impact Self-Rolls Reroll ‡πÄ‡∏£‡∏¥‡πà‡∏°‡∏ï‡πâ‡∏ô‡∏ö‡∏±‡∏ç‡∏ä‡∏µ12000 + Primogems Fates ‡∏ö‡∏±‡∏ç‡∏ä‡∏µ Reroll Starter ACC Asia Server ‡∏ö‡∏±‡∏ç‡∏ä‡∏µ‡∏ß‡∏≤‡∏î‡∏†‡∏≤‡∏û‡∏ï‡∏±‡∏ß‡πÄ‡∏≠‡∏á,https://www.lazada.co.th/tag/steam-game/?page=8
[PC GAME] ‡πÅ‡∏ú‡πà‡∏ô‡πÄ‡∏Å‡∏°‡∏™‡πå Battlefield 3 Premium Edition [‡∏≠‡∏≠‡∏ô‡πÑ‡∏•‡∏ô‡πå‡πÑ‡∏î‡πâ] PC,https://www.lazada.co.th/tag/steam-game/?page=8
[‡πÅ‡∏ü‡∏•‡∏ä‡πÑ‡∏î‡∏£‡πå‡∏ü] The Sims 4 ‡∏£‡∏ß‡∏°‡∏ó‡∏∏‡∏Å‡∏†‡∏≤‡∏Ñ 56 in 1 ‡∏†‡∏≤‡∏©‡∏≤‡πÑ‡∏ó‡∏¢ [PC/MAC],https://www.lazada.co.th/tag/steam-game/?page=8
Game House Pocket Game ‡∏£‡∏ß‡∏° 160 ‡πÄ‡∏Å‡∏°‡∏™‡πå (‡∏û‡∏£‡πâ‡∏≠‡∏°‡∏£‡∏´‡∏±‡∏™ ‡πÄ‡∏•‡πà‡∏ô‡πÑ‡∏î‡πâ‡∏ï‡∏•‡∏≠‡∏î) ‡πÅ‡∏ú‡πà‡∏ô‡πÄ‡∏Å‡∏°‡∏™‡πå ‡πÅ‡∏ü‡∏•‡∏ä‡πÑ‡∏î‡∏£‡πå‡∏ü ‡πÄ‡∏Å‡∏°‡∏™‡πå‡∏Ñ‡∏≠‡∏°‡∏û‡∏¥‡∏ß‡πÄ‡∏ï‡∏≠‡∏£‡πå  PC ‡πÇ‡∏ô‡πä‡∏ï‡∏ö‡∏∏‡πä‡∏Ñ,https://www.lazada.co.th/tag/steam-game/?page=8
[PC Game] ‡πÄ‡∏Å‡∏° PC ‡πÄ‡∏Å‡∏°‡∏Ñ‡∏≠‡∏° Game Call of Duty Modern Warfare Remastered,https://www.lazada.co.th/tag/steam-game/?page=8
[PC GAME] ‡πÅ‡∏ú‡πà‡∏ô‡πÄ‡∏Å‡∏°‡∏™‡πå Minecraft:Story Mode - A Telltale Games Series PC,https://www.lazada.co.th/tag/steam-game/?page=8
Lazada Logistics,https://www.lazada.co.th/tag/steam-game/?page=8
FLASH,https://www.lazada.co.th/tag/steam-game/?page=8
Kerry,https://www.lazada.co.th/tag/steam-game/?page=8
ninjiavan,https://www.lazada.co.th/tag/steam-game/?page=8
Best,https://www.lazada.co.th/tag/steam-game/?page=8
TH Post,https://www.lazada.co.th/tag/steam-game/?page=8
TP,https://www.lazada.co.th/tag/steam-game/?page=8
GIZTIX,https://www.lazada.co.th/tag/steam-game/?page=8
NIM Express,https://www.lazada.co.th/tag/steam-game/?page=8
ISO,https://www.lazada.co.th/tag/steam-game/?page=8
PCI DSS,https://www.lazada.co.th/tag/steam-game/?page=8
,https://www.lazada.co.th/tag/steam-game/?page=9
‡πÇ‡∏•‡πÇ‡∏Å‡πâ ‡∏•‡∏≤‡∏ã‡∏≤‡∏î‡πâ‡∏≤ ‡∏ä‡πâ‡∏≠‡∏õ‡∏≠‡∏≠‡∏ô‡πÑ‡∏•‡∏ô‡πå,https://www.lazada.co.th/tag/steam-game/?page=9
‡∏û‡∏¥‡πÄ‡∏®‡∏©‡∏™‡∏≥‡∏´‡∏£‡∏±‡∏ö‡∏•‡∏π‡∏Å‡∏Ñ‡πâ‡∏≤‡πÉ‡∏´‡∏°‡πà,https://www.lazada.co.th/tag/steam-game/?page=9
[PC Game] ‡πÄ‡∏Å‡∏° PC ‡πÄ‡∏Å‡∏°‡∏Ñ‡∏≠‡∏° Game  The Amazing Spider Man 2 [DLC ‡∏Ñ‡∏£‡∏ö],https://www.lazada.co.th/tag/steam-game/?page=9
„Äê Game Pc „Äë‡πÄ‡∏Å‡∏°‡∏Ñ‡∏≠‡∏° ‡πÅ‡∏ö‡∏ö USB Game ‡πÅ‡∏ü‡∏•‡∏ä‡πÑ‡∏î‡∏£‡πå‡∏ü ‡∏™‡∏≥‡∏´‡∏£‡∏±‡∏ö Windows„Äê ‡πÄ‡∏Å‡∏° PC -  Medal of Honor Limited Edition „Äë‡πÅ‡∏ö‡∏ö‡∏î‡∏≤‡∏ß‡∏ô‡πå‡πÇ‡∏´‡∏•‡∏î ‡∏•‡∏¥‡∏á‡∏Å‡πå‡πÄ‡∏î‡∏µ‡∏¢‡∏ß„Äê ‡πÄ‡∏Å‡∏°‡∏Ñ‡∏≠‡∏°‡∏û‡∏¥‡∏ß‡πÄ‡∏ï‡∏≠‡∏£‡πå „Äë,https://www.lazada.co.th/tag/steam-game/?page=9
[PC Game] ‡πÄ‡∏Å‡∏° PC ‡πÄ‡∏Å‡∏°‡∏Ñ‡∏≠‡∏° Game Medal of Honor Air Borne ‡πÄ‡∏Å‡∏°‡∏Ñ‡∏≠‡∏°‡∏û‡∏¥‡∏ß‡πÄ‡∏ï‡∏≠‡∏£‡πå,https://www.lazada.co.th/tag/steam-game/?page=9
PC Game Battle Realms + Winter of the Wolf,https://www.lazada.co.th/tag/steam-game/?page=9
[PC Game] ‡πÄ‡∏Å‡∏° PC ‡πÄ‡∏Å‡∏°‡∏Ñ‡∏≠‡∏° Game  Play Home - All In One [*‡∏™‡∏≤‡∏£‡∏∞‡∏Ñ‡∏£‡∏±‡∏ö* ‡∏†‡∏≤‡∏©‡∏≤‡πÉ‡∏ô‡πÄ‡∏Å‡∏°‡πÄ‡∏õ‡πá‡∏ô‡∏†‡∏≤‡∏©‡∏≤‡∏≠‡∏±‡∏á‡∏Å‡∏§‡∏©‡∏ô‡∏∞‡∏Ñ‡∏£‡∏±‡∏ö]  - ‡πÄ‡∏Å‡∏°‡∏Ñ‡∏≠‡∏°‡∏û‡∏¥‡∏ß‡πÄ‡∏ï‡∏≠‡∏£‡πå,https://www.lazada.co.th/tag/steam-game/?page=9
[PC GAME] ‡πÅ‡∏ú‡πà‡∏ô‡πÄ‡∏Å‡∏°‡∏™‡πå Game House MAX PC,https://www.lazada.co.th/tag/steam-game/?page=9
[PC Game] ‡πÄ‡∏Å‡∏° PC ‡πÄ‡∏Å‡∏°‡∏Ñ‡∏≠‡∏° Game ANNO 1800 COMPLETE EDITION [‡πÄ‡∏û‡∏¥‡πà‡∏° 10 DLC] - ‡πÄ‡∏Å‡∏°‡∏Ñ‡∏≠‡∏°‡∏û‡∏¥‡∏ß‡πÄ‡∏ï‡∏≠‡∏£‡πå,https://www.lazada.co.th/tag/steam-game/?page=9
[PC Game] ‡πÄ‡∏Å‡∏° PC ‡πÄ‡∏Å‡∏°‡∏Ñ‡∏≠‡∏° Game Need For Speed Most Wanted 2012,https://www.lazada.co.th/tag/steam-game/?page=9
‡πÄ‡∏Å‡∏°‡∏ó‡πç‡∏≤‡∏ü‡∏≤‡∏£‡πå‡∏° Doraemon Story of Seasons ‡∏†‡∏≤‡∏©‡∏≤‡πÑ‡∏ó‡∏¢ [‡∏î‡∏≤‡∏ß‡∏ô‡πå‡πÇ‡∏´‡∏•‡∏î] [PC],https://www.lazada.co.th/tag/steam-game/?page=9
[PC GAME] ‡πÅ‡∏ú‡πà‡∏ô‡πÄ‡∏Å‡∏°‡∏™‡πå Resident Evil 2 Remake Deluxe Edition [‡∏†‡∏≤‡∏©‡∏≤‡πÑ‡∏ó‡∏¢] PC,https://www.lazada.co.th/tag/steam-game/?page=9
[PC Game] ‡πÄ‡∏Å‡∏° PC ‡πÄ‡∏Å‡∏°‡∏Ñ‡∏≠‡∏° Game Sniper Ghost Warrior Contracts ‡πÄ‡∏Å‡∏°‡∏Ñ‡∏≠‡∏°‡∏û‡∏¥‡∏ß‡πÄ‡∏ï‡∏≠‡∏£‡πå,https://www.lazada.co.th/tag/steam-game/?page=9
[PC Game] ‡πÄ‡∏Å‡∏° PC ‡πÄ‡∏Å‡∏°‡∏Ñ‡∏≠‡∏° Game Far Cry Primal - Apex Edition,https://www.lazada.co.th/tag/steam-game/?page=9
Genshin ‡∏≠‡∏¥‡∏°‡πÅ‡∏û‡∏Ñ Childe Double 5 Star Start Combo Account ASIA Server |,https://www.lazada.co.th/tag/steam-game/?page=9
Stray ‡πÄ‡∏Å‡∏°‡∏ú‡∏à‡∏ç‡∏†‡∏±‡∏¢‡∏Å‡∏±‡∏ö‡∏ô‡πâ‡∏≠‡∏á‡πÅ‡∏°‡∏ß‡πÄ‡∏´‡∏°‡∏µ‡∏¢‡∏ß ‡∏†‡∏≤‡∏©‡∏≤‡πÑ‡∏ó‡∏¢ [‡∏î‡∏≤‡∏ß‡∏ô‡πå‡πÇ‡∏´‡∏•‡∏î] [‡πÅ‡∏ü‡∏•‡∏ä‡πÑ‡∏î‡∏£‡πå‡∏ü] [PC],https://www.lazada.co.th/tag/steam-game/?page=9
‡∏ö‡∏±‡∏ç‡∏ä‡∏µ‡∏°‡πâ‡∏ß‡∏ô‡∏ú‡∏•‡∏Å‡∏£‡∏∞‡∏ó‡∏ö Genshin | ‡∏ö‡∏±‡∏ç‡∏ä‡∏µ Self-Rolls | ‡∏ö‡∏±‡∏ç‡∏ä‡∏µ‡πÄ‡∏£‡∏¥‡πà‡∏°‡∏ï‡πâ‡∏ô | 75-80‡∏°‡πâ‡∏ß‡∏ô‡πÄ‡∏≠‡πÄ‡∏ä‡∏µ‡∏¢,https://www.lazada.co.th/tag/steam-game/?page=9
[PC GAME] ‡πÅ‡∏ú‡πà‡∏ô‡πÄ‡∏Å‡∏°‡∏™‡πå JUMP FORCE Ultimate Edition PC [‡∏†‡∏≤‡∏©‡∏≤‡πÑ‡∏ó‡∏¢],https://www.lazada.co.th/tag/steam-game/?page=9
Far Cry 6 Ultimate Edition ‡∏†‡∏≤‡∏©‡∏≤‡πÑ‡∏ó‡∏¢ - ‡πÄ‡∏Å‡∏° pc ‡∏™‡∏≥‡∏´‡∏£‡∏±‡∏ö windows game ‡πÅ‡∏ö‡∏ö DVD USB Flash drive ‡πÅ‡∏•‡∏∞‡∏î‡∏≤‡∏ß‡∏ô‡πå‡πÇ‡∏´‡∏•‡∏î‡πÑ‡∏ü‡∏•‡πå ‡∏ï‡∏¥‡∏î‡∏ï‡∏±‡πâ‡∏á‡∏á‡πà‡∏≤‡∏¢ ‡∏î‡πâ‡∏ß‡∏¢‡∏£‡∏∞‡∏ö‡∏ö Autorun install - ‡πÄ‡∏Å‡∏°‡∏Ñ‡∏≠‡∏°‡∏û‡∏¥‡∏ß‡πÄ‡∏ï‡∏≠‡∏£‡πå,https://www.lazada.co.th/tag/steam-game/?page=9
(‡πÄ‡∏Å‡∏°‡∏™‡πå PC) Terraria - Hiwnon_Henshin,https://www.lazada.co.th/tag/steam-game/?page=9
[PC GAME] ‡πÅ‡∏ú‡πà‡∏ô‡πÄ‡∏Å‡∏°‡∏™‡πå Planet Zoo: Deluxe Edition PC,https://www.lazada.co.th/tag/steam-game/?page=9
Zhongli ‡∏ö‡∏±‡∏ç‡∏ä‡∏µ AR38 Engineserver Genshin Impact Primogems Zhongli + 160 Rolls + ‡∏ö‡∏±‡∏ç‡∏ä‡∏µ Farmed ‡∏™‡∏∏‡πà‡∏°5‡∏î‡∏≤‡∏ß,https://www.lazada.co.th/tag/steam-game/?page=9
„Äê Game Pc „Äë‡πÄ‡∏Å‡∏°‡∏Ñ‡∏≠‡∏° ‡πÅ‡∏ö‡∏ö USB ‡πÅ‡∏ü‡∏•‡∏ä‡πÑ‡∏î‡∏£‡πå‡∏ü ‡∏™‡∏≥‡∏´‡∏£‡∏±‡∏ö Windows„Äê ‡πÄ‡∏Å‡∏° PC -  JUMP FORCE Ultimate Edition [‡∏†‡∏≤‡∏©‡∏≤‡πÑ‡∏ó‡∏¢] ‡∏≠‡∏±‡∏õ‡πÄ‡∏î‡∏ï‡∏•‡πà‡∏≤‡∏™‡∏∏‡∏î DLC ‡∏Ñ‡∏£‡∏ö „Äë‡πÅ‡∏ö‡∏ö‡∏î‡∏≤‡∏ß‡∏ô‡πå‡πÇ‡∏´‡∏•‡∏î ‡∏•‡∏¥‡∏á‡∏Å‡πå‡πÄ‡∏î‡∏µ‡∏¢‡∏ß„Äê ‡πÄ‡∏Å‡∏°‡∏Ñ‡∏≠‡∏°‡∏û‡∏¥‡∏ß‡πÄ‡∏ï‡∏≠‡∏£‡πå „Äë,https://www.lazada.co.th/tag/steam-game/?page=9
‡πÄ‡∏Å‡∏° PC PES 2013 Next Season Patch 2022 Game PC ‡∏°‡∏≤‡πÉ‡∏´‡∏°‡πà ‡πÄ‡∏Å‡∏°‡∏Ñ‡∏≠‡∏° ‡∏≠‡∏±‡∏û‡πÄ‡∏î‡∏ó‡∏•‡πà‡∏≤‡∏™‡∏∏‡∏î [‡∏£‡∏≤‡∏¢‡∏•‡∏∞‡πÄ‡∏≠‡∏µ‡∏¢‡∏î ‡∏î‡∏π ‡∏ß‡∏µ‡∏î‡∏µ‡πÇ‡∏≠ ‡∏ï‡∏±‡∏ß‡∏≠‡∏¢‡πà‡∏≤‡∏á‡∏î‡πâ‡∏≤‡∏ô‡πÉ‡∏ô],https://www.lazada.co.th/tag/steam-game/?page=9
[PC Game] ‡πÄ‡∏Å‡∏° PC ‡πÄ‡∏Å‡∏°‡∏Ñ‡∏≠‡∏° Game Battlefield: Bad Company 2,https://www.lazada.co.th/tag/steam-game/?page=9
"[PC GAME] ‡πÅ‡∏ú‡πà‡∏ô‡πÄ‡∏Å‡∏°‡∏™‡πå GTA VC , Grand Theft Auto: Vice City PC",https://www.lazada.co.th/tag/steam-game/?page=9
The Legend Of Heroes Trails From Zero „Äê Game Pc „Äë‡πÄ‡∏Å‡∏°‡∏Ñ‡∏≠‡∏° ‡πÅ‡∏ö‡∏ö USB ‡πÅ‡∏ü‡∏•‡∏ä‡πÑ‡∏î‡∏£‡πå‡∏ü ‡πÄ‡∏Å‡∏° ‡∏™‡∏≥‡∏´‡∏£‡∏±‡∏ö PC Windows ‡πÅ‡∏ö‡∏ö‡∏î‡∏≤‡∏ß‡∏ô‡πå‡πÇ‡∏´‡∏•‡∏î ‡∏•‡∏¥‡∏á‡∏Å‡πå‡πÄ‡∏î‡∏µ‡∏¢‡∏ß„Äê ‡πÄ‡∏Å‡∏°‡∏Ñ‡∏≠‡∏°‡∏û‡∏¥‡∏ß‡πÄ‡∏ï‡∏≠‡∏£‡πå „Äë,https://www.lazada.co.th/tag/steam-game/?page=9
[PC Game] ‡πÄ‡∏Å‡∏° PC ‡πÄ‡∏Å‡∏°‡∏Ñ‡∏≠‡∏° Game Battlefield Vietnam,https://www.lazada.co.th/tag/steam-game/?page=9
[PC GAME] ‡πÅ‡∏ú‡πà‡∏ô‡πÄ‡∏Å‡∏°‡∏™‡πå Days Gone PC,https://www.lazada.co.th/tag/steam-game/?page=9
‡πÄ‡∏Å‡∏°‡∏Ñ‡∏≠‡∏°‡∏û‡∏¥‡∏ß‡πÄ‡∏ï‡∏≠‡∏£‡πå ‡πÄ‡∏Å‡∏°‡∏Ñ‡∏≠‡∏° ‡πÄ‡∏Å‡∏°‡∏Ñ‡∏≠‡∏°‡∏ô‡πà‡∏≤‡πÄ‡∏•‡πà‡∏ô USB/DVD  ‡πÄ‡∏Å‡∏° USB Flashdrive / DVD‡πÄ‡∏Å‡∏° A Wife And Mother***‡πÄ‡∏•‡πà‡∏ô‡πÑ‡∏î‡πâ100%*** ‡πÄ‡∏Å‡∏°‡∏à‡∏µ‡∏ö‡∏™‡∏≤‡∏ß,https://www.lazada.co.th/tag/steam-game/?page=9
[PC GAME] ‡πÅ‡∏ú‡πà‡∏ô‡πÄ‡∏Å‡∏°‡∏™‡πå Left 4 Dead 2 [‡∏≠‡∏≠‡∏ô‡πÑ‡∏•‡∏ô‡πå‡πÑ‡∏î‡πâ] PC,https://www.lazada.co.th/tag/steam-game/?page=9
‡∏ö‡∏±‡∏ç‡∏ä‡∏µ Genshin Impact Xiao Double 5 Star ‡πÄ‡∏£‡∏¥‡πà‡∏°‡∏ï‡πâ‡∏ô‡∏ö‡∏±‡∏ç‡∏ä‡∏µ‡∏Ñ‡∏≥‡∏™‡∏±‡πà‡∏á‡∏ú‡∏™‡∏°‡πÄ‡∏ã‡∏¥‡∏£‡πå‡∏ü‡πÄ‡∏ß‡∏≠‡∏£‡πå‡πÄ‡∏≠‡πÄ‡∏ä‡∏µ‡∏¢,https://www.lazada.co.th/tag/steam-game/?page=9
‡πÄ‡∏Å‡∏°‡∏™‡πå (PC) UNCHARTED‚Ñ¢: Legacy of Thieves Collection - Hiwnon_Henshin,https://www.lazada.co.th/tag/steam-game/?page=9
[PC Game] ‡πÄ‡∏Å‡∏° PC ‡πÄ‡∏Å‡∏°‡∏Ñ‡∏≠‡∏° Game Crysis - Collection [‡∏£‡∏ß‡∏° Crysis 4 ‡∏†‡∏≤‡∏Ñ] [‡πÅ‡∏ö‡∏ö USB Flashdrive 64Gb] [‡πÑ‡∏°‡πà‡∏ï‡πâ‡∏≠‡∏á‡∏ï‡∏¥‡∏î‡∏ï‡∏±‡πâ‡∏á‡πÄ‡∏™‡∏µ‡∏¢‡∏ö‡πÅ‡∏•‡πâ‡∏ß‡πÄ‡∏•‡πà‡∏ô‡πÑ‡∏î‡πâ‡πÄ‡∏•‡∏¢] ‡πÄ‡∏Å‡∏°‡∏Ñ‡∏≠‡∏°‡∏û‡∏¥‡∏ß‡πÄ‡∏ï‡∏≠‡∏£‡πå,https://www.lazada.co.th/tag/steam-game/?page=9
Diablo II Resurrected (Game PC ) ‡πÄ‡∏Å‡∏° pc [‡πÄ‡∏Å‡∏°‡∏Ñ‡∏≠‡∏°‡∏û‡∏¥‡∏ß‡πÄ‡∏ï‡∏≠‡∏£‡πå] ‡∏ï‡∏¥‡∏î‡∏ï‡∏±‡πâ‡∏á‡∏á‡πà‡∏≤‡∏¢,https://www.lazada.co.th/tag/steam-game/?page=9
‡πÄ‡∏Å‡∏°‡∏Ñ‡∏≠‡∏°‡∏û‡∏¥‡∏ß‡πÄ‡∏ï‡∏≠‡∏£‡πå ‡πÄ‡∏Å‡∏°‡∏Ñ‡∏≠‡∏° ‡πÄ‡∏Å‡∏°‡∏Ñ‡∏≠‡∏°‡∏ô‡πà‡∏≤‡πÄ‡∏•‡πà‡∏ô ‡πÄ‡∏Å‡∏°‡πÄ‡∏£‡∏î18 PC Games USB Flashdrive DVD ‡πÄ‡∏Å‡∏° WVM **‡πÄ‡∏•‡πà‡∏ô‡πÑ‡∏î‡πâ‡πÄ‡∏•‡∏¢‡πÑ‡∏°‡πà‡∏ï‡πâ‡∏≠‡∏á‡∏ï‡∏¥‡∏î‡∏ï‡∏±‡πâ‡∏á**,https://www.lazada.co.th/tag/steam-game/?page=9
Genshin Impact Self-Rolls Reroll ‡πÄ‡∏£‡∏¥‡πà‡∏°‡∏ï‡πâ‡∏ô‡∏ö‡∏±‡∏ç‡∏ä‡∏µ12000 + Primogems Fates ‡∏ö‡∏±‡∏ç‡∏ä‡∏µ Reroll Starter ACC Asia Server ‡∏ö‡∏±‡∏ç‡∏ä‡∏µ‡∏ß‡∏≤‡∏î‡∏†‡∏≤‡∏û‡∏ï‡∏±‡∏ß‡πÄ‡∏≠‡∏á,https://www.lazada.co.th/tag/steam-game/?page=9
[PC GAME] ‡πÅ‡∏ú‡πà‡∏ô‡πÄ‡∏Å‡∏°‡∏™‡πå Battlefield 3 Premium Edition [‡∏≠‡∏≠‡∏ô‡πÑ‡∏•‡∏ô‡πå‡πÑ‡∏î‡πâ] PC,https://www.lazada.co.th/tag/steam-game/?page=9
[‡πÅ‡∏ü‡∏•‡∏ä‡πÑ‡∏î‡∏£‡πå‡∏ü] The Sims 4 ‡∏£‡∏ß‡∏°‡∏ó‡∏∏‡∏Å‡∏†‡∏≤‡∏Ñ 56 in 1 ‡∏†‡∏≤‡∏©‡∏≤‡πÑ‡∏ó‡∏¢ [PC/MAC],https://www.lazada.co.th/tag/steam-game/?page=9
Game House Pocket Game ‡∏£‡∏ß‡∏° 160 ‡πÄ‡∏Å‡∏°‡∏™‡πå (‡∏û‡∏£‡πâ‡∏≠‡∏°‡∏£‡∏´‡∏±‡∏™ ‡πÄ‡∏•‡πà‡∏ô‡πÑ‡∏î‡πâ‡∏ï‡∏•‡∏≠‡∏î) ‡πÅ‡∏ú‡πà‡∏ô‡πÄ‡∏Å‡∏°‡∏™‡πå ‡πÅ‡∏ü‡∏•‡∏ä‡πÑ‡∏î‡∏£‡πå‡∏ü ‡πÄ‡∏Å‡∏°‡∏™‡πå‡∏Ñ‡∏≠‡∏°‡∏û‡∏¥‡∏ß‡πÄ‡∏ï‡∏≠‡∏£‡πå  PC ‡πÇ‡∏ô‡πä‡∏ï‡∏ö‡∏∏‡πä‡∏Ñ,https://www.lazada.co.th/tag/steam-game/?page=9
[PC Game] ‡πÄ‡∏Å‡∏° PC ‡πÄ‡∏Å‡∏°‡∏Ñ‡∏≠‡∏° Game Call of Duty Modern Warfare Remastered,https://www.lazada.co.th/tag/steam-game/?page=9
[PC GAME] ‡πÅ‡∏ú‡πà‡∏ô‡πÄ‡∏Å‡∏°‡∏™‡πå Minecraft:Story Mode - A Telltale Games Series PC,https://www.lazada.co.th/tag/steam-game/?page=9
Lazada Logistics,https://www.lazada.co.th/tag/steam-game/?page=9
FLASH,https://www.lazada.co.th/tag/steam-game/?page=9
Kerry,https://www.lazada.co.th/tag/steam-game/?page=9
ninjiavan,https://www.lazada.co.th/tag/steam-game/?page=9
Best,https://www.lazada.co.th/tag/steam-game/?page=9
TH Post,https://www.lazada.co.th/tag/steam-game/?page=9
TP,https://www.lazada.co.th/tag/steam-game/?page=9
GIZTIX,https://www.lazada.co.th/tag/steam-game/?page=9
NIM Express,https://www.lazada.co.th/tag/steam-game/?page=9
ISO,https://www.lazada.co.th/tag/steam-game/?page=9
PCI DSS,https://www.lazada.co.th/tag/steam-game/?page=9
